Date,Close,Open,High,Low,Log_Returns
2020-03-09,2746.56,2863.89,2863.89,2734.43,-0.07901039484826664
2020-03-10,2882.23,2813.48,2882.59,2734.0,0.04821508053580021
2020-03-11,2741.38,2825.6,2825.6,2707.22,-0.05010285683741073
2020-03-12,2480.64,2630.86,2660.95,2478.86,-0.09994485184600743
2020-03-13,2711.02,2569.99,2711.33,2492.37,0.0888083564407466
2020-03-16,2386.13,2508.59,2562.98,2380.94,-0.12765214115647325
2020-03-17,2529.19,2425.66,2553.93,2367.04,0.0582262866907417
2020-03-18,2398.1,2436.5,2453.57,2280.52,-0.05322233622142454
2020-03-19,2409.39,2393.48,2466.97,2319.78,0.004696846277420959
2020-03-20,2304.92,2431.94,2453.01,2295.56,-0.0443276347431585
2020-03-23,2237.4,2290.71,2300.73,2191.86,-0.029731491257259945
2020-03-24,2447.33,2344.44,2449.71,2344.44,0.08968315694821649
2020-03-25,2475.56,2457.77,2571.42,2407.53,0.011468998674479099
2020-03-26,2630.07,2501.29,2637.01,2500.72,0.06054382875166776
2020-03-27,2541.47,2555.87,2615.91,2520.02,-0.03426780802262948
2020-03-30,2626.65,2558.98,2631.8,2545.28,0.03296661622145552
2020-03-31,2584.59,2614.69,2641.39,2571.15,-0.016142381973062482
2020-04-01,2470.5,2498.08,2522.75,2447.49,-0.04514632872715227
2020-04-02,2526.9,2458.54,2533.22,2455.79,0.022572695703622976
2020-04-03,2488.65,2514.92,2538.18,2459.96,-0.015252860231953606
2020-04-06,2663.68,2578.28,2676.85,2574.57,0.06796823056768604
2020-04-07,2659.41,2738.65,2756.89,2657.67,-0.0016043316629523077
2020-04-08,2749.98,2685.0,2760.75,2663.3,0.03348934524468995
2020-04-09,2789.82,2776.99,2818.57,2762.36,0.01438343869822631
2020-04-13,2761.63,2782.46,2782.46,2721.17,-0.010155992507349275
2020-04-14,2846.06,2805.1,2851.85,2805.1,0.0301144965504564
2020-04-15,2783.36,2795.64,2801.88,2761.54,-0.022276750679012372
2020-04-16,2799.55,2799.34,2806.51,2764.32,0.0057998589924373595
2020-04-17,2874.56,2842.43,2879.22,2830.88,0.026440929079185473
2020-04-20,2823.16,2845.62,2868.98,2820.43,-0.018042794099790368
2020-04-21,2736.56,2784.81,2785.54,2727.1,-0.031155167779795462
2020-04-22,2799.31,2787.89,2815.1,2775.95,0.022671301062101197
2020-04-23,2797.8,2810.42,2844.9,2794.26,-0.0005395641810268519
2020-04-24,2836.74,2812.64,2842.71,2791.76,0.013822111461719605
2020-04-27,2878.48,2854.65,2887.72,2852.89,0.014606871524449172
2020-04-28,2863.39,2909.96,2921.15,2860.71,-0.005256139460119837
2020-04-29,2939.51,2918.46,2954.86,2912.16,0.02623666320724924
2020-04-30,2912.43,2930.91,2930.91,2892.47,-0.00925511652526566
2020-05-01,2830.71,2869.09,2869.09,2821.61,-0.028460220686828817
2020-05-04,2842.74,2815.01,2844.24,2797.85,0.0042408122145938705
2020-05-05,2868.44,2868.88,2898.23,2863.55,0.00899995218953805
2020-05-06,2848.42,2883.14,2891.11,2847.65,-0.007003873398600344
2020-05-07,2881.19,2878.26,2901.92,2876.48,0.011438948664053582
2020-05-08,2929.8,2908.83,2932.16,2902.88,0.016730758062550522
2020-05-11,2930.32,2915.46,2944.25,2903.44,0.00017747076898242637
2020-05-12,2870.12,2939.5,2945.82,2869.59,-0.020757791338386403
2020-05-13,2820.0,2865.86,2874.14,2793.15,-0.017616955794106534
2020-05-14,2852.5,2794.54,2852.8,2766.64,0.01145891780407149
2020-05-15,2863.7,2829.95,2865.01,2816.78,0.003918692254435327
2020-05-18,2953.91,2913.86,2968.09,2913.86,0.031015221473356874
2020-05-19,2922.94,2948.59,2964.21,2922.35,-0.010539757419425795
2020-05-20,2971.61,2953.63,2980.29,2953.63,0.01651393441786152
2020-05-21,2948.51,2969.95,2978.5,2938.57,-0.007803935472623133
2020-05-22,2955.45,2948.05,2956.76,2933.59,0.002350965520250863
2020-05-26,2991.77,3004.08,3021.72,2988.17,0.012214261971750162
2020-05-27,3036.13,3015.65,3036.25,2969.75,0.014718492616296689
2020-05-28,3029.73,3046.61,3068.67,3023.4,-0.0021101714760443074
2020-05-29,3044.31,3025.17,3049.17,2998.61,0.004800767858804524
2020-06-01,3055.73,3038.78,3062.18,3031.54,0.003744242117017055
2020-06-02,3080.82,3064.78,3081.07,3051.64,0.008177278702023465
2020-06-03,3122.87,3098.9,3130.94,3098.9,0.013556655475681826
2020-06-04,3112.35,3111.56,3128.91,3090.41,-0.003374382935045795
2020-06-05,3193.93,3163.84,3211.72,3163.84,0.025874065601552972
2020-06-08,3232.39,3199.92,3233.13,3196.0,0.011969668235859062
2020-06-09,3207.18,3213.32,3222.71,3193.11,-0.007829755338198062
2020-06-10,3190.14,3213.42,3223.27,3181.49,-0.0053272433765708446
2020-06-11,3002.1,3123.53,3123.53,2999.49,-0.06075275919869289
2020-06-12,3041.31,3071.04,3088.42,2984.47,0.012976299868566436
2020-06-15,3066.59,2993.76,3079.76,2965.66,0.008277851423430304
2020-06-16,3124.74,3131.0,3153.45,3076.06,0.01878488465267299
2020-06-17,3113.49,3136.13,3141.16,3108.03,-0.003606796221336869
2020-06-18,3115.34,3101.64,3120.0,3093.51,0.0005940120550401924
2020-06-19,3097.74,3140.29,3155.53,3083.11,-0.005665482200964775
2020-06-22,3117.86,3094.42,3120.92,3079.39,0.006474055690439126
2020-06-23,3131.29,3138.7,3154.9,3127.12,0.0042981911703125365
2020-06-24,3050.33,3114.4,3115.01,3032.13,-0.02619527873275449
2020-06-25,3083.76,3046.6,3086.25,3024.01,0.010899850173409288
2020-06-26,3009.05,3073.2,3073.73,3004.63,-0.024525217335129464
2020-06-29,3053.24,3018.59,3053.89,2999.74,0.014578907539069857
2020-06-30,3100.29,3050.2,3111.51,3047.83,0.01529233363768146
2020-07-01,3115.86,3105.92,3128.44,3101.17,0.005009542099664131
2020-07-02,3130.01,3143.64,3165.81,3124.52,0.00453100183265328
2020-07-06,3179.72,3155.29,3182.59,3155.29,0.015756943165826313
2020-07-07,3145.32,3166.44,3184.15,3142.93,-0.010877508816987262
2020-07-08,3169.94,3153.07,3171.8,3136.53,0.007797026481291786
2020-07-09,3152.05,3176.17,3179.78,3115.7,-0.005659625451287915
2020-07-10,3185.04,3152.47,3186.82,3136.22,0.010411813000986475
2020-07-13,3155.22,3205.08,3235.32,3149.43,-0.00940662366648347
2020-07-14,3197.52,3141.11,3200.95,3127.66,0.013317285189446137
2020-07-15,3226.56,3225.98,3238.28,3200.76,0.009041044884784208
2020-07-16,3215.57,3208.36,3220.39,3198.59,-0.003411918313161816
2020-07-17,3224.73,3224.21,3233.52,3205.65,0.0028445899031588197
2020-07-20,3251.84,3224.29,3258.61,3215.16,0.008371764170464781
2020-07-21,3257.3,3268.52,3277.29,3247.77,0.0016776413721593887
2020-07-22,3276.02,3254.86,3279.32,3253.1,0.005730639622957727
2020-07-23,3235.66,3271.64,3279.99,3222.66,-0.012396345287241563
2020-07-24,3215.63,3218.58,3227.26,3200.05,-0.006209630744305032
2020-07-27,3239.41,3219.84,3241.43,3214.25,0.007367919510066761
2020-07-28,3218.44,3234.27,3243.72,3216.17,-0.006494444344686342
2020-07-29,3258.44,3227.22,3264.74,3227.22,0.012351783128253628
2020-07-30,3246.22,3231.76,3250.92,3204.13,-0.0037573107206831397
2020-07-31,3271.12,3270.45,3272.17,3220.26,0.007641191392371668
2020-08-03,3294.61,3288.26,3302.73,3284.53,0.007155365883905606
2020-08-04,3306.51,3296.6,3306.84,3286.37,0.00360545267801785
2020-08-05,3327.77,3317.37,3330.77,3317.37,0.0064091575198012216
2020-08-06,3349.16,3323.17,3351.03,3318.14,0.006407158132423376
2020-08-07,3351.28,3340.05,3352.54,3328.72,0.0006327942853730394
2020-08-10,3360.47,3356.04,3363.29,3335.44,0.0027384827334759297
2020-08-11,3333.69,3370.34,3381.01,3326.44,-0.008001046543221289
2020-08-12,3380.35,3355.46,3387.89,3355.46,0.013899455827979215
2020-08-13,3373.43,3372.95,3387.24,3363.35,-0.0020492235227105187
2020-08-14,3372.85,3368.66,3378.51,3361.64,-0.0001719466139647112
2020-08-17,3381.99,3380.86,3387.59,3379.22,0.0027062093485908582
2020-08-18,3389.78,3387.04,3395.06,3370.15,0.002300728889572129
2020-08-19,3374.85,3392.51,3399.54,3369.66,-0.004414143638946041
2020-08-20,3385.51,3360.48,3390.8,3354.69,0.0031536808202811935
2020-08-21,3397.16,3386.01,3399.96,3379.31,0.0034352287393030465
2020-08-24,3431.28,3418.09,3432.09,3413.13,0.009993580954932106
2020-08-25,3443.62,3435.95,3444.21,3425.84,0.00358987425339455
2020-08-26,3478.73,3449.97,3481.07,3444.15,0.010144040989640822
2020-08-27,3484.55,3485.14,3501.38,3468.35,0.0016716264045830256
2020-08-28,3508.01,3494.69,3509.23,3484.32,0.00671001407851169
2020-08-31,3500.31,3509.73,3514.77,3493.25,-0.0021973891312895358
2020-09-01,3526.65,3507.44,3528.03,3494.6,0.007496875851234013
2020-09-02,3580.84,3543.76,3588.11,3535.23,0.015248997908235747
2020-09-03,3455.06,3564.74,3564.85,3427.41,-0.035757586556313434
2020-09-04,3426.96,3453.6,3479.15,3349.63,-0.0081662523968659
2020-09-08,3331.84,3371.88,3379.97,3329.27,-0.02814886686405828
2020-09-09,3398.96,3369.82,3424.77,3366.84,0.019944798533671326
2020-09-10,3339.19,3412.56,3425.55,3329.25,-0.01774123987058698
2020-09-11,3340.97,3352.7,3368.95,3310.47,0.000532921379765575
2020-09-14,3383.54,3363.56,3402.93,3363.56,0.012661314711189059
2020-09-15,3401.2,3407.73,3419.48,3389.25,0.005205811831507181
2020-09-16,3385.49,3411.23,3428.92,3384.45,-0.004629658363745304
2020-09-17,3357.01,3346.86,3375.17,3328.82,-0.008447955322129995
2020-09-18,3319.47,3357.38,3362.27,3292.4,-0.011245565213035068
2020-09-21,3281.06,3285.57,3285.57,3229.1,-0.011638590711243436
2020-09-22,3315.57,3295.75,3320.31,3270.95,0.010463013638868866
2020-09-23,3236.92,3320.11,3323.35,3232.57,-0.024007294161091854
2020-09-24,3246.59,3226.14,3278.7,3209.45,0.0029829543473573147
2020-09-25,3298.46,3236.66,3306.88,3228.44,0.015850478138509476
2020-09-28,3351.6,3333.9,3360.74,3332.91,0.015982150874003728
2020-09-29,3335.47,3350.92,3357.92,3327.54,-0.004824244783809024
2020-09-30,3363.0,3341.21,3393.56,3340.47,0.008219833784947334
2020-10-01,3380.8,3385.87,3397.18,3361.39,0.005278935121522738
2020-10-02,3348.44,3338.94,3369.1,3323.69,-0.009617802143182246
2020-10-05,3408.63,3367.27,3409.57,3367.27,0.01781588530117781
2020-10-06,3360.95,3408.74,3431.56,3354.54,-0.014086778930182592
2020-10-07,3419.45,3384.56,3426.26,3384.56,0.01725604732087949
2020-10-08,3446.83,3434.28,3447.28,3428.15,0.007975248642444218
2020-10-09,3477.13,3459.67,3482.34,3458.07,0.008752272809348647
2020-10-12,3534.22,3500.02,3549.85,3499.61,0.01628538348497012
2020-10-13,3511.93,3534.01,3534.01,3500.86,-0.006326880453748811
2020-10-14,3488.67,3515.47,3527.94,3480.55,-0.006645169155040894
2020-10-15,3483.34,3453.72,3489.08,3440.89,-0.0015289711398439405
2020-10-16,3483.81,3493.5,3515.76,3480.45,0.00013491886946954788
2020-10-19,3426.92,3493.66,3502.42,3419.93,-0.016464623898632638
2020-10-20,3443.12,3439.38,3476.93,3435.65,0.004716138487297713
2020-10-21,3435.56,3439.91,3464.86,3433.06,-0.0021980970313859494
2020-10-22,3453.49,3438.5,3460.53,3415.34,0.005205373886326262
2020-10-23,3465.39,3464.9,3466.46,3440.45,0.0034398664911297477
2020-10-26,3400.97,3441.42,3441.42,3364.86,-0.018764495369547173
2020-10-27,3390.68,3403.15,3409.51,3388.71,-0.0030301938037524704
2020-10-28,3271.03,3342.48,3342.48,3268.89,-0.03592557122600889
2020-10-29,3310.11,3277.17,3341.05,3259.82,0.0118765014438055
2020-10-30,3269.96,3293.59,3304.93,3233.94,-0.012203669046735501
2020-11-02,3310.24,3296.2,3330.14,3279.74,0.012242941894852779
2020-11-03,3369.02,3336.25,3389.49,3336.25,0.017601206573166564
2020-11-04,3443.44,3406.46,3486.25,3405.17,0.021849070831928094
2020-11-05,3510.45,3485.74,3529.05,3485.74,0.019273262670013912
2020-11-06,3509.44,3508.34,3521.58,3484.34,-0.00028775379869741254
2020-11-09,3550.5,3583.04,3645.99,3547.48,0.011631958050304203
2020-11-10,3545.53,3543.26,3557.22,3511.91,-0.0014007834839128777
2020-11-11,3572.66,3563.22,3581.16,3557.0,0.007622761226929676
2020-11-12,3537.01,3562.67,3569.02,3518.58,-0.010028678908945363
2020-11-13,3585.15,3552.57,3593.66,3552.57,0.013518576706374859
2020-11-16,3626.91,3600.16,3628.51,3600.16,0.011580731916656505
2020-11-17,3609.53,3610.31,3623.11,3588.68,-0.00480347613410369
2020-11-18,3567.79,3612.09,3619.09,3567.33,-0.011631213479601318
2020-11-19,3581.87,3559.41,3585.22,3543.84,0.003938653922538716
2020-11-20,3557.54,3579.31,3581.23,3556.85,-0.006815715636269892
2020-11-23,3577.59,3566.82,3589.81,3552.77,0.0056200945950578216
2020-11-24,3635.41,3594.52,3642.31,3594.52,0.016032507557285768
2020-11-25,3629.65,3635.5,3635.5,3617.76,-0.0015856720266289198
2020-11-27,3638.35,3638.55,3644.31,3629.33,0.0023940572799516376
2020-11-30,3621.63,3634.18,3634.18,3594.39,-0.004606081438497098
2020-12-01,3662.45,3645.87,3678.45,3645.87,0.011208121636017976
2020-12-02,3669.01,3653.78,3670.96,3644.84,0.0017895485348597621
2020-12-03,3666.72,3668.28,3682.73,3657.17,-0.0006243414287024246
2020-12-04,3699.12,3670.94,3699.2,3670.94,0.008797424045414703
2020-12-07,3691.96,3694.73,3697.41,3678.88,-0.0019374711787083175
2020-12-08,3702.25,3683.05,3708.45,3678.83,0.0027832605897471193
2020-12-09,3672.82,3705.98,3712.39,3660.54,-0.007980983560702697
2020-12-10,3668.1,3659.13,3678.49,3645.18,-0.00128594253865602
2020-12-11,3663.46,3656.08,3665.91,3633.4,-0.0012657607983834493
2020-12-14,3647.49,3675.27,3697.61,3645.84,-0.0043687962305264194
2020-12-15,3694.62,3666.41,3695.29,3659.62,0.012838447626446777
2020-12-16,3701.17,3696.25,3711.27,3688.57,0.0017712784469306416
2020-12-17,3722.48,3713.65,3725.12,3710.87,0.005741126947631056
2020-12-18,3709.41,3722.39,3726.7,3685.84,-0.003517278505023192
2020-12-21,3694.92,3684.28,3702.9,3636.48,-0.003913931036978114
2020-12-22,3687.26,3698.08,3698.26,3676.16,-0.002075268484142857
2020-12-23,3690.01,3693.42,3711.24,3689.28,0.0007455332737925254
2020-12-24,3703.06,3694.03,3703.82,3689.32,0.0035303368029281483
2020-12-28,3735.36,3723.03,3740.51,3723.03,0.008684694603369354
2020-12-29,3727.04,3750.01,3756.12,3723.31,-0.0022298465500115035
2020-12-30,3732.04,3736.19,3744.63,3730.21,0.0013406481091209083
2020-12-31,3756.07,3733.27,3760.2,3726.88,0.006418196978792083
2021-01-04,3700.65,3764.61,3769.99,3662.71,-0.014864718123372964
2021-01-05,3726.86,3698.02,3737.83,3695.07,0.0070575761707220575
2021-01-06,3748.14,3712.2,3783.04,3705.34,0.00569366086621762
2021-01-07,3803.79,3764.71,3811.55,3764.71,0.014738221178340893
2021-01-08,3824.68,3815.05,3826.69,3783.6,0.005476865536105689
2021-01-11,3799.61,3803.14,3817.86,3789.02,-0.006576373761664375
2021-01-12,3801.19,3801.62,3810.78,3776.51,0.00041574571696605784
2021-01-13,3809.84,3802.23,3820.96,3791.5,0.0022730179027713113
2021-01-14,3795.54,3814.98,3823.6,3792.86,-0.0037605002910535887
2021-01-15,3768.25,3788.73,3788.73,3749.62,-0.007215990506594139
2021-01-19,3798.91,3781.88,3804.53,3780.37,0.008103480771510008
2021-01-20,3851.85,3816.22,3859.75,3816.22,0.013839368887685784
2021-01-21,3853.07,3857.46,3861.45,3845.05,0.0003166807728557909
2021-01-22,3841.47,3844.24,3852.31,3830.41,-0.003015127294928243
2021-01-25,3855.36,3851.68,3859.23,3797.16,0.003609282023548102
2021-01-26,3849.62,3862.96,3870.9,3847.78,-0.0014899457394751568
2021-01-27,3750.77,3836.83,3836.83,3732.48,-0.02601328989204868
2021-01-28,3787.38,3755.75,3830.5,3755.75,0.009713334927599454
2021-01-29,3714.24,3778.05,3778.05,3694.12,-0.019500405967127862
2021-02-01,3773.86,3731.17,3784.32,3725.62,0.015924269140718334
2021-02-02,3826.31,3791.84,3843.09,3791.84,0.013802541965649213
2021-02-03,3830.17,3840.27,3847.51,3816.68,0.0010082963259948519
2021-02-04,3871.74,3836.66,3872.42,3836.66,0.010794829768938023
2021-02-05,3886.83,3878.3,3894.56,3874.93,0.0038898969855535024
2021-02-08,3915.59,3892.59,3915.77,3892.59,0.007372105129886368
2021-02-09,3911.23,3910.49,3918.35,3902.64,-0.0011141179817578345
2021-02-10,3909.88,3920.78,3931.5,3884.94,-0.0003452195438772965
2021-02-11,3916.38,3916.4,3925.99,3890.39,0.0016610747648429303
2021-02-12,3934.83,3911.65,3937.23,3905.78,0.004699921149026049
2021-02-16,3932.59,3939.61,3950.43,3923.85,-0.000569437009979914
2021-02-17,3931.33,3918.5,3933.61,3900.43,-0.0003204508720288016
2021-02-18,3913.97,3915.86,3921.98,3885.03,-0.00442558686962702
2021-02-19,3906.71,3921.16,3930.41,3903.07,-0.0018566165820490526
2021-02-22,3876.5,3885.55,3902.92,3874.71,-0.007762902892533376
2021-02-23,3881.37,3857.07,3895.98,3805.59,0.0012554994192235645
2021-02-24,3925.43,3873.71,3928.65,3859.6,0.011287715277782164
2021-02-25,3829.34,3915.8,3925.02,3814.04,-0.024783434790564104
2021-02-26,3811.15,3839.66,3861.08,3789.54,-0.004761483718072275
2021-03-01,3901.82,3842.51,3914.5,3842.51,0.023512130081996933
2021-03-02,3870.29,3903.64,3906.41,3868.57,-0.008113671312552936
2021-03-03,3819.72,3863.99,3874.47,3818.86,-0.013152318131987126
2021-03-04,3768.47,3818.53,3843.67,3723.34,-0.013508037960082262
2021-03-05,3841.94,3793.58,3851.69,3730.19,0.019308363815583877
2021-03-08,3821.35,3844.39,3881.06,3819.25,-0.005373684030541239
2021-03-09,3875.44,3851.93,3903.76,3851.93,0.014055441418613446
2021-03-10,3898.81,3891.99,3917.35,3885.73,0.006012173623113212
2021-03-11,3939.34,3915.54,3960.27,3915.54,0.010341818218279307
2021-03-12,3943.34,3924.52,3944.99,3915.21,0.0010148833501624158
2021-03-15,3968.94,3942.96,3970.08,3923.54,0.006470976590856805
2021-03-16,3962.71,3973.59,3981.04,3953.44,-0.0015709218841469892
2021-03-17,3974.12,3949.57,3983.87,3935.74,0.002875205304977583
2021-03-18,3915.46,3953.5,3969.62,3910.86,-0.014870520601810135
2021-03-19,3913.1,3913.14,3930.12,3886.75,-0.0006029206064693933
2021-03-22,3940.59,3916.48,3955.31,3914.16,0.0070005595506540804
2021-03-23,3910.52,3937.6,3949.13,3901.57,-0.007660100809949314
2021-03-24,3889.14,3919.93,3942.08,3889.07,-0.005482303984823847
2021-03-25,3909.52,3879.34,3919.54,3853.5,0.005226550815926714
2021-03-26,3974.54,3917.12,3978.19,3917.12,0.016494413826353246
2021-03-29,3971.09,3969.31,3981.83,3943.25,-0.0008684019308247895
2021-03-30,3958.55,3963.34,3968.01,3944.35,-0.0031628196118815713
2021-03-31,3972.89,3967.25,3994.41,3966.98,0.003615992965994899
2021-04-01,4019.87,3992.78,4020.63,3992.78,0.01175577423688851
2021-04-05,4077.91,4034.44,4083.42,4034.44,0.014335038467166317
2021-04-06,4073.94,4075.57,4086.23,4068.14,-0.0009740121110818412
2021-04-07,4079.95,4074.29,4083.13,4068.31,0.0014741432833555816
2021-04-08,4097.17,4089.95,4098.19,4082.54,0.0042117580408072355
2021-04-09,4128.8,4096.11,4129.48,4095.51,0.007690316372555687
2021-04-12,4127.99,4124.71,4131.76,4114.82,-0.00019620215667317165
2021-04-13,4141.59,4130.1,4148.0,4124.43,0.003289166381145364
2021-04-14,4124.66,4143.25,4151.69,4120.87,-0.004096179929697001
2021-04-15,4170.42,4139.76,4173.49,4139.76,0.011033158016154329
2021-04-16,4185.47,4174.14,4191.31,4170.75,0.0036022533265398387
2021-04-19,4163.26,4179.8,4180.81,4150.47,-0.005320582266875933
2021-04-20,4134.94,4159.18,4159.18,4118.38,-0.006825603130708005
2021-04-21,4173.42,4128.42,4175.02,4126.35,0.00926302546911355
2021-04-22,4134.98,4170.46,4179.57,4123.69,-0.009253351856793159
2021-04-23,4180.17,4138.78,4194.17,4138.78,0.010869423861541933
2021-04-26,4187.62,4185.03,4194.19,4182.36,0.001780637890878801
2021-04-27,4186.72,4188.25,4193.35,4176.22,-0.00021494231269923608
2021-04-28,4183.18,4185.14,4201.53,4181.78,-0.0008458882928303167
2021-04-29,4211.47,4206.14,4218.78,4176.81,0.006740032543708107
2021-04-30,4181.17,4198.1,4198.1,4174.85,-0.007220643718202429
2021-05-03,4192.66,4191.98,4209.39,4188.03,0.0027442656970409606
2021-05-04,4164.66,4179.04,4179.04,4128.59,-0.006700737740405456
2021-05-05,4167.59,4177.06,4187.72,4160.94,0.0007032914568740223
2021-05-06,4201.62,4169.14,4202.7,4147.33,0.008132234115911918
2021-05-07,4232.6,4210.34,4238.04,4201.64,0.007346296237811824
2021-05-10,4188.43,4228.29,4236.39,4188.13,-0.010490499399026396
2021-05-11,4152.1,4150.34,4162.04,4111.53,-0.008711731693215893
2021-05-12,4063.04,4130.55,4134.73,4056.88,-0.021682768452684537
2021-05-13,4112.5,4074.99,4131.58,4074.99,0.012099654192200689
2021-05-14,4173.85,4129.58,4183.13,4129.58,0.01480775516646066
2021-05-17,4163.29,4169.92,4171.92,4142.69,-0.00253324416940257
2021-05-18,4127.83,4165.94,4169.15,4125.99,-0.008553781927838235
2021-05-19,4115.68,4098.45,4116.93,4061.41,-0.0029477755951036366
2021-05-20,4159.12,4121.97,4172.8,4121.97,0.010499443868610717
2021-05-21,4155.86,4168.61,4188.72,4151.72,-0.0007841270013964568
2021-05-24,4197.05,4170.16,4209.52,4170.16,0.009862511119055
2021-05-25,4188.13,4205.94,4213.42,4182.52,-0.002127563955626335
2021-05-26,4195.99,4191.59,4202.61,4184.11,0.0018749737128450623
2021-05-27,4200.88,4201.94,4213.38,4197.78,0.0011647198427041133
2021-05-28,4204.11,4210.77,4218.36,4203.57,0.0007685910772065211
2021-06-01,4202.04,4216.52,4234.12,4197.59,-0.0004924965749694844
2021-06-02,4208.12,4206.82,4217.37,4198.27,0.0014458704850342234
2021-06-03,4192.85,4191.43,4204.39,4167.93,-0.003635298499241423
2021-06-04,4229.89,4206.05,4233.45,4206.05,0.0087952943520972
2021-06-07,4226.52,4229.34,4232.34,4215.66,-0.0007970285684825064
2021-06-08,4227.26,4233.81,4236.74,4208.41,0.00017506961427659565
2021-06-09,4219.55,4232.99,4237.09,4218.74,-0.001825541746812573
2021-06-10,4239.18,4228.56,4249.74,4220.34,0.004641367023082649
2021-06-11,4247.44,4242.9,4248.38,4232.25,0.001946594193743096
2021-06-14,4255.15,4248.31,4255.59,4234.07,0.0018135655401930488
2021-06-15,4246.59,4255.28,4257.16,4238.35,-0.0020137061101785226
2021-06-16,4223.7,4248.87,4251.89,4202.45,-0.005404786783292966
2021-06-17,4221.86,4220.37,4232.29,4196.05,-0.0004357319180995622
2021-06-18,4166.45,4204.78,4204.78,4164.4,-0.013211434948255869
2021-06-21,4224.79,4173.4,4226.24,4173.4,0.013905201143734752
2021-06-22,4246.44,4224.61,4255.84,4217.27,0.005111429423335091
2021-06-23,4241.84,4249.27,4256.6,4241.43,-0.0010838474815418405
2021-06-24,4266.49,4256.97,4271.28,4256.97,0.005794337776572367
2021-06-25,4280.7,4274.45,4286.12,4271.16,0.0033250724723028176
2021-06-28,4290.61,4284.9,4292.14,4274.67,0.00231236635141237
2021-06-29,4291.8,4293.21,4300.52,4287.04,0.00027731138634168957
2021-06-30,4297.5,4290.65,4302.43,4287.96,0.001327232914611209
2021-07-01,4319.94,4300.73,4320.66,4300.73,0.005208054995811113
2021-07-02,4352.34,4326.6,4355.43,4326.6,0.007472118231364166
2021-07-06,4343.54,4356.46,4356.46,4314.37,-0.0020239476634912454
2021-07-07,4358.13,4351.01,4361.88,4329.79,0.0033533824363036076
2021-07-08,4320.82,4321.07,4330.88,4289.37,-0.008597867216573877
2021-07-09,4369.55,4329.38,4371.6,4329.38,0.011214829918570923
2021-07-12,4384.63,4372.41,4386.68,4364.03,0.0034452147239393167
2021-07-13,4369.21,4381.07,4392.37,4366.92,-0.003523028967647122
2021-07-14,4374.3,4380.11,4393.68,4362.36,0.0011642922750682311
2021-07-15,4360.03,4369.02,4369.02,4340.7,-0.003267568936996537
2021-07-16,4327.16,4367.43,4375.09,4322.53,-0.007567500391698108
2021-07-19,4258.49,4296.4,4296.4,4233.13,-0.015996800327963308
2021-07-20,4323.06,4265.11,4336.84,4262.05,0.015048847488145101
2021-07-21,4358.69,4331.13,4359.7,4331.13,0.008208068658883821
2021-07-22,4367.48,4361.27,4369.87,4350.06,0.0020146302382427882
2021-07-23,4411.79,4381.2,4415.18,4381.2,0.010094319060166316
2021-07-26,4422.3,4409.58,4422.73,4405.45,0.0023794199422129485
2021-07-27,4401.46,4416.38,4416.38,4372.51,-0.004723618672649374
2021-07-28,4400.64,4402.95,4415.47,4387.01,-0.0001863191743724431
2021-07-29,4419.15,4403.59,4429.97,4403.59,0.004197385011620316
2021-07-30,4395.26,4395.12,4412.25,4389.65,-0.005420682382193263
2021-08-02,4387.16,4406.86,4422.18,4384.81,-0.0018445946098472469
2021-08-03,4423.15,4392.74,4423.79,4373.0,0.008170019032652822
2021-08-04,4402.66,4415.95,4416.17,4400.23,-0.00464320822964288
2021-08-05,4429.1,4408.86,4429.76,4408.86,0.00598749943154757
2021-08-06,4436.52,4429.07,4440.82,4429.07,0.0016738821949274498
2021-08-09,4432.35,4437.77,4439.39,4424.74,-0.0009403678951865314
2021-08-10,4436.75,4435.79,4445.21,4430.03,0.0009922089864754615
2021-08-11,4447.7,4442.18,4449.44,4436.42,0.002464982197991973
2021-08-12,4460.83,4446.08,4461.77,4435.96,0.0029477387419454388
2021-08-13,4468.0,4464.84,4468.37,4460.82,0.001606033834479566
2021-08-16,4479.71,4461.65,4480.26,4437.66,0.0026174309818667143
2021-08-17,4448.08,4462.12,4462.12,4417.83,-0.007085769790768185
2021-08-18,4400.27,4440.94,4454.32,4397.59,-0.010806639720144598
2021-08-19,4405.8,4382.44,4418.61,4367.73,0.0012559520255743905
2021-08-20,4441.67,4410.56,4444.35,4406.8,0.008108577149077301
2021-08-23,4479.53,4450.29,4489.88,4450.29,0.008487698356534068
2021-08-24,4486.23,4484.4,4492.81,4482.28,0.0014945751943348515
2021-08-25,4496.19,4490.45,4501.71,4485.66,0.0022176660815180892
2021-08-26,4470.0,4493.75,4495.9,4468.99,-0.005841962859469615
2021-08-27,4509.37,4474.1,4513.33,4474.1,0.008769045552897689
2021-08-30,4528.79,4513.76,4537.36,4513.76,0.004297341469056862
2021-08-31,4522.68,4529.75,4531.39,4515.8,-0.0013500571571324227
2021-09-01,4524.09,4528.8,4537.11,4522.02,0.0003117134648978685
2021-09-02,4536.95,4534.48,4545.85,4524.66,0.0028385281677768184
2021-09-03,4535.43,4532.42,4541.45,4521.3,-0.0003350829692366939
2021-09-07,4520.03,4535.38,4535.38,4513.0,-0.003401266163481994
2021-09-08,4514.07,4518.09,4521.79,4493.95,-0.0013194454045593487
2021-09-09,4493.28,4513.02,4529.9,4492.07,-0.0046162382762889205
2021-09-10,4458.58,4506.92,4520.47,4457.66,-0.007752617623130543
2021-09-13,4468.73,4474.81,4492.99,4445.7,0.002273922239413449
2021-09-14,4443.05,4479.33,4485.68,4435.46,-0.005763174377801672
2021-09-15,4480.7,4447.49,4486.87,4438.37,0.008438206673245678
2021-09-16,4473.75,4477.09,4485.87,4443.8,-0.0015523011230354105
2021-09-17,4432.99,4469.74,4471.52,4427.76,-0.009152683146433816
2021-09-20,4357.73,4402.95,4402.95,4305.91,-0.01712302037376946
2021-09-21,4354.19,4374.45,4394.87,4347.96,-0.0008126796836591719
2021-09-22,4395.64,4367.43,4416.75,4367.43,0.009474540664091249
2021-09-23,4448.98,4406.75,4465.4,4406.75,0.012061715863250257
2021-09-24,4455.48,4438.04,4463.12,4430.27,0.001459942804959862
2021-09-27,4443.11,4442.12,4457.3,4436.19,-0.0027802175328761427
2021-09-28,4352.63,4419.54,4419.54,4346.33,-0.020574321587474437
2021-09-29,4359.46,4362.41,4385.57,4355.08,0.001567936373304978
2021-09-30,4307.54,4370.67,4382.55,4306.24,-0.011981220973814677
2021-10-01,4357.04,4317.16,4375.19,4288.52,0.011425952216359555
2021-10-04,4300.46,4348.84,4355.51,4278.94,-0.013070933999937525
2021-10-05,4345.72,4309.87,4369.23,4309.87,0.010469458977261837
2021-10-06,4363.55,4319.57,4365.57,4290.49,0.004094493547635241
2021-10-07,4399.76,4383.73,4429.97,4383.73,0.00826404773501655
2021-10-08,4391.34,4406.51,4412.02,4386.22,-0.0019155742909790841
2021-10-11,4361.19,4385.44,4415.88,4360.59,-0.006889463790468167
2021-10-12,4350.65,4368.31,4374.89,4342.09,-0.0024196966754627294
2021-10-13,4363.8,4358.01,4372.87,4329.92,0.0030179781813102643
2021-10-14,4438.26,4386.75,4439.73,4386.75,0.016919170336133042
2021-10-15,4471.37,4447.69,4475.82,4447.69,0.007432441620921371
2021-10-18,4486.46,4463.72,4488.75,4447.47,0.00336912271696709
2021-10-19,4519.63,4497.34,4520.4,4496.41,0.007366160006043284
2021-10-20,4536.19,4524.42,4540.87,4524.4,0.0036573205869523144
2021-10-21,4549.78,4532.24,4551.44,4526.89,0.0029914274720985803
2021-10-22,4544.9,4546.12,4559.67,4524.0,-0.0010731549583585973
2021-10-25,4566.48,4553.69,4572.62,4537.36,0.0047369422309476855
2021-10-26,4574.79,4578.69,4598.53,4569.17,0.001818128616510003
2021-10-27,4551.68,4580.22,4584.57,4551.66,-0.005064400451443849
2021-10-28,4596.42,4562.84,4597.55,4562.84,0.00978134404008955
2021-10-29,4605.38,4572.87,4608.08,4567.59,0.00194744568057697
2021-11-01,4613.67,4610.62,4620.34,4595.06,0.0017984504334932693
2021-11-02,4630.65,4613.34,4635.15,4613.34,0.003673611276116367
2021-11-03,4660.57,4630.65,4663.46,4621.19,0.0064405112404735685
2021-11-04,4680.06,4662.93,4683.0,4662.59,0.004173172106260179
2021-11-05,4697.53,4699.26,4718.5,4681.32,0.0037259083006282606
2021-11-08,4701.7,4701.48,4714.92,4694.39,0.0008873067844048929
2021-11-09,4685.25,4707.25,4708.53,4670.87,-0.003504869385575243
2021-11-10,4646.71,4670.26,4684.85,4630.86,-0.008259833757375561
2021-11-11,4649.27,4659.39,4664.55,4648.31,0.0005507757255752215
2021-11-12,4682.85,4655.24,4688.47,4650.77,0.007196680911038463
2021-11-15,4682.8,4689.3,4697.42,4672.86,-1.0677315509449458e-05
2021-11-16,4700.9,4679.42,4714.95,4679.42,0.0038577581225869607
2021-11-17,4688.67,4701.5,4701.5,4684.41,-0.002605019594335725
2021-11-18,4704.54,4700.72,4708.8,4672.78,0.003379039774514253
2021-11-19,4697.96,4708.44,4717.75,4694.22,-0.0013996279870592404
2021-11-22,4682.94,4712.0,4743.83,4682.17,-0.0032022541195681504
2021-11-23,4690.7,4678.48,4699.39,4652.66,0.001655707232782677
2021-11-24,4701.46,4675.78,4702.87,4659.89,0.0022912737234973743
2021-11-26,4594.62,4664.63,4664.63,4585.43,-0.022987044973283768
2021-11-29,4655.27,4628.75,4672.95,4625.26,0.013113857392683798
2021-11-30,4567.0,4640.25,4646.02,4560.0,-0.019143376992336782
2021-12-01,4513.04,4602.82,4652.94,4510.27,-0.011885550113429818
2021-12-02,4577.1,4504.73,4595.46,4504.73,0.014094625715697029
2021-12-03,4538.43,4589.49,4608.03,4495.12,-0.008484472537634197
2021-12-06,4591.67,4548.37,4612.6,4540.51,0.011662655055923081
2021-12-07,4686.75,4631.97,4694.04,4631.97,0.020495586171745628
2021-12-08,4701.21,4690.86,4705.06,4674.52,0.003080543895616996
2021-12-09,4667.45,4691.0,4695.26,4665.98,-0.007207038387208448
2021-12-10,4712.02,4687.64,4713.57,4670.24,0.009503806818878939
2021-12-13,4668.97,4710.3,4710.3,4667.6,-0.009178200213042893
2021-12-14,4634.09,4642.99,4660.47,4606.52,-0.007498643121874399
2021-12-15,4709.85,4636.46,4712.6,4611.22,0.016216212899904034
2021-12-16,4668.67,4719.13,4731.99,4651.89,-0.008781825842753357
2021-12-17,4620.64,4652.5,4666.7,4600.22,-0.010341010906645293
2021-12-20,4568.02,4587.9,4587.9,4531.1,-0.011453373010201799
2021-12-21,4649.23,4594.96,4651.14,4583.16,0.01762176386180875
2021-12-22,4696.56,4650.36,4697.67,4645.53,0.010128711352276767
2021-12-23,4725.79,4703.96,4740.74,4703.96,0.006204416895324275
2021-12-27,4791.19,4733.99,4791.49,4733.99,0.013744072068897223
2021-12-28,4786.35,4795.49,4807.02,4780.04,-0.0010106980314378653
2021-12-29,4793.06,4788.64,4804.06,4778.08,0.001400921580224578
2021-12-30,4778.73,4794.23,4808.93,4775.33,-0.002994217530076943
2021-12-31,4766.18,4775.21,4786.83,4765.75,-0.0026296753415458013
2022-01-03,4796.56,4778.14,4796.64,4758.17,0.006353848835552744
2022-01-04,4793.54,4804.51,4818.62,4774.27,-0.000629816185405453
2022-01-05,4700.58,4787.99,4797.7,4699.44,-0.019583272775802296
2022-01-06,4696.05,4693.39,4725.01,4671.26,-0.0009641755290858112
2022-01-07,4677.03,4697.66,4707.95,4662.74,-0.004058436737205577
2022-01-10,4670.29,4655.34,4673.02,4582.24,-0.0014421248375173315
2022-01-11,4713.07,4669.14,4714.13,4638.27,0.009118332112991406
2022-01-12,4726.35,4728.59,4748.83,4706.71,0.0028137340560308905
2022-01-13,4659.03,4733.56,4744.13,4650.29,-0.014345962458906215
2022-01-14,4662.85,4637.99,4665.13,4614.75,0.0008195772127140056
2022-01-18,4577.11,4632.24,4632.24,4568.7,-0.018559054584436702
2022-01-19,4532.76,4588.03,4611.55,4530.2,-0.009736769104655738
2022-01-20,4482.73,4547.35,4602.11,4477.95,-0.011098789654240207
2022-01-21,4397.94,4471.38,4494.52,4395.34,-0.01909598635863535
2022-01-24,4410.13,4356.32,4417.35,4222.62,0.002767918007616829
2022-01-25,4356.45,4366.64,4411.01,4287.11,-0.012246661962160472
2022-01-26,4349.93,4408.43,4453.23,4304.8,-0.0014977525030699156
2022-01-27,4326.51,4380.58,4428.74,4309.5,-0.005398540617999041
2022-01-28,4431.85,4336.19,4432.72,4292.46,0.024055891707799003
2022-01-31,4515.55,4431.79,4516.89,4414.02,0.018709891511396817
2022-02-01,4546.54,4519.57,4550.49,4483.53,0.006839508503304335
2022-02-02,4589.38,4566.39,4595.31,4544.32,0.009378434574517935
2022-02-03,4477.44,4535.41,4542.88,4470.39,-0.02469348416817584
2022-02-04,4500.53,4482.79,4539.66,4451.5,0.0051437130908578545
2022-02-07,4483.87,4505.75,4521.86,4471.47,-0.003708654800609762
2022-02-08,4521.54,4480.02,4531.32,4465.4,0.008366130962778839
2022-02-09,4587.18,4547.0,4590.03,4547.0,0.014412812398356309
2022-02-10,4504.08,4553.24,4588.92,4484.31,-0.0182818035103296
2022-02-11,4418.64,4506.27,4526.33,4401.41,-0.019151696234065794
2022-02-14,4401.67,4412.61,4426.22,4364.84,-0.003847942065319174
2022-02-15,4471.07,4429.28,4472.77,4429.28,0.015643739212372925
2022-02-16,4475.01,4455.75,4489.55,4429.68,0.0008808327792157024
2022-02-17,4380.26,4456.06,4456.06,4373.81,-0.02140050300402348
2022-02-18,4348.87,4384.57,4394.6,4327.22,-0.007192042117620436
2022-02-22,4304.76,4332.74,4362.12,4267.11,-0.010194654042815754
2022-02-23,4225.5,4324.93,4341.51,4221.51,-0.01858379019433392
2022-02-24,4288.7,4155.77,4294.73,4114.65,0.014846059711535551
2022-02-25,4384.65,4298.38,4385.34,4286.83,0.022126148364756827
2022-02-28,4373.94,4354.17,4388.84,4315.12,-0.002445600339325641
2022-03-01,4306.26,4363.14,4378.45,4279.54,-0.015594426756135317
2022-03-02,4386.54,4322.56,4401.48,4322.56,0.01847098344898933
2022-03-03,4363.49,4401.31,4416.78,4345.56,-0.005268565551901082
2022-03-04,4328.87,4342.12,4342.12,4284.98,-0.007965657901416316
2022-03-07,4201.09,4327.01,4327.01,4199.85,-0.02996252255053501
2022-03-08,4170.7,4202.66,4276.94,4157.87,-0.007260127998095252
2022-03-09,4277.88,4223.1,4299.4,4223.1,0.02537367234563523
2022-03-10,4259.52,4252.55,4268.28,4209.8,-0.0043010818993905854
2022-03-11,4204.31,4279.5,4291.01,4200.49,-0.013046288284512193
2022-03-14,4173.11,4202.75,4247.57,4161.72,-0.007448628397104686
2022-03-15,4262.45,4188.82,4271.05,4187.9,0.021182551140656723
2022-03-16,4357.86,4288.14,4358.9,4251.99,0.022136998842954763
2022-03-17,4411.67,4345.11,4412.67,4335.65,0.012272191404503483
2022-03-18,4463.12,4407.34,4465.4,4390.57,0.011594770446318643
2022-03-21,4461.18,4462.4,4481.75,4424.3,-0.00043476799985616853
2022-03-22,4511.61,4469.1,4522.0,4469.1,0.011240769260246017
2022-03-23,4456.24,4493.1,4501.07,4455.81,-0.01234871315104348
2022-03-24,4520.16,4469.98,4520.58,4465.17,0.014242030309045384
2022-03-25,4543.06,4522.91,4546.03,4501.07,0.0050534023741785035
2022-03-28,4575.52,4541.09,4575.65,4517.69,0.007119559648821334
2022-03-29,4631.6,4602.86,4637.3,4589.66,0.012182027285255538
2022-03-30,4602.45,4624.2,4627.77,4581.32,-0.006313610350948985
2022-03-31,4530.41,4599.02,4603.07,4530.41,-0.01577632727939729
2022-04-01,4545.86,4540.32,4548.7,4507.57,0.003404485526057287
2022-04-04,4582.64,4547.97,4583.5,4539.21,0.00805832262263298
2022-04-05,4525.12,4572.45,4593.45,4514.17,-0.012631155137050305
2022-04-06,4481.15,4494.17,4503.94,4450.04,-0.009764386222700547
2022-04-07,4500.21,4474.65,4521.16,4450.3,0.004244352439511796
2022-04-08,4488.28,4494.15,4520.41,4474.6,-0.002654507487977465
2022-04-11,4412.53,4462.64,4464.35,4408.38,-0.01702133376294985
2022-04-12,4397.45,4437.59,4471.0,4381.34,-0.0034233936348681705
2022-04-13,4446.59,4394.3,4453.92,4392.7,0.011112682823133003
2022-04-14,4392.59,4449.12,4460.46,4390.77,-0.012218479951525796
2022-04-18,4391.69,4385.63,4410.31,4370.3,-0.00020491150171664794
2022-04-19,4462.21,4390.63,4471.03,4390.63,0.015930040161497565
2022-04-20,4459.45,4472.26,4488.29,4448.76,-0.0006187189576933424
2022-04-21,4393.66,4489.17,4512.94,4384.47,-0.014862847316476122
2022-04-22,4271.78,4385.83,4385.83,4267.62,-0.02813199052103028
2022-04-25,4296.12,4255.34,4299.02,4200.82,0.005681687572860796
2022-04-26,4175.2,4278.14,4278.14,4175.04,-0.02855002843027312
2022-04-27,4183.96,4186.52,4240.71,4162.9,0.0020959051404105173
2022-04-28,4287.5,4222.58,4308.45,4188.63,0.02444564600458133
2022-04-29,4131.93,4253.75,4269.68,4124.28,-0.03695920232685872
2022-05-02,4155.38,4130.61,4169.81,4062.51,0.00565927003737552
2022-05-03,4175.48,4159.78,4200.1,4147.08,0.004825441551572873
2022-05-04,4300.17,4181.18,4307.66,4148.91,0.029425235047606604
2022-05-05,4146.87,4270.43,4270.43,4106.01,-0.0363007239912506
2022-05-06,4123.34,4128.17,4157.69,4067.91,-0.005690318260649576
2022-05-09,3991.24,4081.27,4081.27,3975.48,-0.03256155498687775
2022-05-10,4001.05,4035.18,4068.82,3958.17,0.0024548671098168664
2022-05-11,3935.18,3990.08,4049.09,3928.82,-0.016600202520523653
2022-05-12,3930.08,3903.95,3964.8,3858.87,-0.0012968422441889949
2022-05-13,4023.89,3963.9,4038.88,3963.9,0.023589314531626496
2022-05-16,4008.01,4013.02,4046.46,3983.99,-0.003954237650276509
2022-05-17,4088.85,4052.0,4090.72,4033.93,0.019968898134440815
2022-05-18,3923.68,4051.98,4051.98,3911.91,-0.041233767985439373
2022-05-19,3900.79,3899.0,3945.96,3876.58,-0.005850892213605512
2022-05-20,3901.36,3927.76,3943.42,3810.32,0.00014611357151915558
2022-05-23,3973.75,3927.02,3981.88,3909.04,0.018385022946529016
2022-05-24,3941.48,3942.94,3955.68,3875.13,-0.008153945948249348
2022-05-25,3978.73,3929.59,3999.33,3925.03,0.009406385602538606
2022-05-26,4057.84,3984.6,4075.14,3984.6,0.019688139439344957
2022-05-27,4158.24,4077.43,4158.49,4077.43,0.024441095491293145
2022-05-31,4132.15,4151.09,4168.34,4104.88,-0.0062940551963996914
2022-06-01,4101.23,4149.78,4166.54,4073.85,-0.007510923912143033
2022-06-02,4176.82,4095.41,4177.51,4074.37,0.01826326273820275
2022-06-03,4108.54,4137.57,4142.67,4098.67,-0.016482457202400495
2022-06-06,4121.43,4134.72,4168.78,4109.18,0.0031324562641237242
2022-06-07,4160.68,4096.47,4164.86,4080.19,0.009478331934066117
2022-06-08,4115.77,4147.12,4160.14,4107.2,-0.010852585537420805
2022-06-09,4017.82,4101.65,4119.1,4017.17,-0.02408646993373481
2022-06-10,3900.86,3974.39,3974.39,3900.16,-0.02954242533536117
2022-06-13,3749.63,3838.15,3838.15,3734.3,-0.039539873198958186
2022-06-14,3735.48,3763.52,3778.18,3705.68,-0.0037808440639954524
2022-06-15,3789.99,3764.05,3837.56,3722.3,0.014487056184644877
2022-06-16,3666.77,3728.18,3728.18,3639.77,-0.033052215017083934
2022-06-17,3674.84,3665.9,3707.71,3636.87,0.0021984287507105164
2022-06-21,3764.79,3715.31,3779.65,3715.31,0.02418248850178457
2022-06-22,3759.89,3733.89,3801.79,3717.69,-0.0013023811491289687
2022-06-23,3795.73,3774.71,3802.58,3743.52,0.0094870490606574
2022-06-24,3911.74,3821.75,3913.65,3821.75,0.030105537080807647
2022-06-27,3900.11,3920.76,3927.72,3889.66,-0.0029775299301252065
2022-06-28,3821.55,3913.0,3945.86,3820.14,-0.020348658383248716
2022-06-29,3818.83,3825.09,3836.5,3799.02,-0.0007120065009618694
2022-06-30,3785.38,3785.99,3818.99,3738.67,-0.00879781483060845
2022-07-01,3825.33,3781.0,3829.82,3752.1,0.010498459915641863
2022-07-05,3831.39,3792.61,3832.19,3742.06,0.0015829235665797978
2022-07-06,3845.08,3831.98,3870.91,3809.37,0.003566747349581468
2022-07-07,3902.62,3858.85,3910.63,3858.85,0.014853713471199018
2022-07-08,3899.38,3888.26,3918.5,3869.34,-0.0008305563153684295
2022-07-11,3854.43,3880.94,3880.94,3847.22,-0.01159442997810581
2022-07-12,3818.8,3851.95,3873.41,3802.36,-0.009286899019016758
2022-07-13,3801.78,3779.67,3829.44,3759.07,-0.004466859031662644
2022-07-14,3790.38,3763.99,3796.41,3721.56,-0.0030031001895847553
2022-07-15,3863.16,3818.0,3863.62,3817.18,0.01901922349251537
2022-07-18,3830.85,3883.79,3902.44,3818.63,-0.008398790728860633
2022-07-19,3936.69,3860.73,3939.81,3860.73,0.027253558019802913
2022-07-20,3959.9,3935.32,3974.13,3922.03,0.005878503718335059
2022-07-21,3998.95,3955.47,3999.29,3927.64,0.009813054238448901
2022-07-22,3961.63,3998.43,4012.44,3938.86,-0.00937626992342271
2022-07-25,3966.84,3965.72,3975.3,3943.46,0.0013142512363463167
2022-07-26,3921.05,3953.22,3953.22,3910.74,-0.01161033289574997
2022-07-27,4023.61,3951.43,4039.56,3951.43,0.02582003453356371
2022-07-28,4072.43,4026.13,4078.95,3992.97,0.012060363275690102
2022-07-29,4130.29,4087.33,4140.15,4079.22,0.014107749538291978
2022-08-01,4118.63,4112.38,4144.95,4096.02,-0.002827038634318699
2022-08-02,4091.19,4104.21,4140.47,4079.81,-0.006684702509967414
2022-08-03,4155.17,4107.96,4167.66,4107.96,0.015517460750035557
2022-08-04,4151.94,4154.85,4161.29,4135.42,-0.0007776471390832699
2022-08-05,4145.19,4115.87,4151.58,4107.31,-0.0016270689959386672
2022-08-08,4140.06,4155.93,4186.62,4128.97,-0.0012383454103545306
2022-08-09,4122.47,4133.11,4137.3,4112.09,-0.004257782198348112
2022-08-10,4210.24,4181.02,4211.03,4177.26,0.021067154907856916
2022-08-11,4207.27,4227.4,4257.91,4201.41,-0.0007056718966173459
2022-08-12,4280.15,4225.02,4280.47,4219.78,0.01717407440983608
2022-08-15,4297.14,4269.37,4301.79,4256.9,0.003961629423932771
2022-08-16,4305.2,4290.46,4325.28,4277.77,0.0018739092755182558
2022-08-17,4274.04,4280.4,4302.18,4253.08,-0.00726407864047862
2022-08-18,4283.74,4273.13,4292.53,4261.98,0.002266944033161183
2022-08-19,4228.48,4266.31,4266.31,4218.7,-0.012983869381359623
2022-08-22,4137.99,4195.08,4195.08,4129.86,-0.021632427725287454
2022-08-23,4128.73,4133.09,4159.77,4124.03,-0.002240309064050325
2022-08-24,4140.77,4126.55,4156.56,4119.97,0.002911907251337381
2022-08-25,4199.12,4153.26,4200.54,4147.59,0.013993218645290096
2022-08-26,4057.66,4198.74,4203.04,4057.66,-0.03426852674898546
2022-08-29,4030.61,4034.58,4062.99,4017.42,-0.006688723509263949
2022-08-30,3986.16,4041.25,4044.98,3965.21,-0.011089367791653617
2022-08-31,3955.0,4000.67,4015.37,3954.53,-0.00784776025709875
2022-09-01,3966.85,3936.73,3970.23,3903.65,0.0029917276491103818
2022-09-02,3924.26,3994.66,4018.43,3906.21,-0.010794530441166154
2022-09-06,3908.19,3930.89,3942.55,3886.75,-0.00410344720981454
2022-09-07,3979.87,3909.43,3987.89,3906.03,0.018174804228558855
2022-09-08,4006.18,3959.94,4010.5,3944.81,0.0065890133889801
2022-09-09,4067.36,4022.94,4076.81,4022.94,0.015155971507018435
2022-09-12,4110.41,4083.67,4119.28,4083.67,0.010528639881468727
2022-09-13,3932.69,4037.12,4037.12,3921.28,-0.04419911011958206
2022-09-14,3946.01,3940.73,3961.94,3912.18,0.003381271704881856
2022-09-15,3901.35,3932.41,3959.14,3888.28,-0.011382294724738607
2022-09-16,3873.33,3880.95,3880.95,3837.08,-0.007208044914246866
2022-09-19,3899.89,3849.91,3900.45,3838.5,0.006833745439536254
2022-09-20,3855.93,3875.23,3876.01,3827.54,-0.01133612455307255
2022-09-21,3789.93,3871.4,3907.07,3789.49,-0.017264673789774226
2022-09-22,3757.99,3782.36,3790.9,3749.45,-0.00846330926893181
2022-09-23,3693.23,3727.14,3727.14,3647.47,-0.017382826077567966
2022-09-26,3655.04,3682.72,3715.67,3644.76,-0.010394376865970473
2022-09-27,3647.29,3686.44,3717.53,3623.29,-0.0021226109775338642
2022-09-28,3719.04,3651.94,3736.74,3640.61,0.019481144387776417
2022-09-29,3640.47,3687.01,3687.01,3610.4,-0.02135277627216209
2022-09-30,3585.62,3633.48,3671.44,3584.13,-0.015181392276394085
2022-10-03,3678.43,3609.78,3698.35,3604.93,0.02555462879740763
2022-10-04,3790.93,3726.46,3791.92,3726.46,0.03012534086530393
2022-10-05,3783.28,3753.25,3806.91,3722.66,-0.0020200133350643033
2022-10-06,3744.52,3771.97,3797.93,3739.22,-0.010297920383574249
2022-10-07,3639.66,3706.74,3706.74,3620.73,-0.028403167167490584
2022-10-10,3612.39,3647.51,3652.17,3588.1,-0.00752066754461965
2022-10-11,3588.84,3595.86,3640.66,3568.45,-0.006540572639369859
2022-10-12,3577.03,3590.83,3608.34,3573.86,-0.0032961833504644216
2022-10-13,3669.91,3520.37,3685.41,3491.58,0.02563429144689717
2022-10-14,3583.07,3690.41,3712.0,3579.68,-0.023947163771951822
2022-10-17,3677.95,3638.65,3689.73,3638.65,0.02613555691190645
2022-10-18,3719.98,3746.26,3762.79,3686.53,0.011362760181543908
2022-10-19,3695.16,3703.11,3728.58,3666.51,-0.006694436704711702
2022-10-20,3665.78,3689.05,3736.0,3656.44,-0.007982718516093059
2022-10-21,3752.75,3657.1,3757.89,3647.42,0.02344776785243657
2022-10-24,3797.34,3762.01,3810.74,3741.65,0.011811917059798283
2022-10-25,3859.11,3799.44,3862.85,3799.44,0.01613576532526921
2022-10-26,3830.6,3825.97,3886.15,3824.07,-0.007415138056792231
2022-10-27,3807.3,3834.69,3859.95,3803.79,-0.0061011723843323405
2022-10-28,3901.06,3808.26,3905.42,3808.26,0.024328034575769396
2022-10-31,3871.98,3881.85,3893.73,3863.18,-0.007482306966126504
2022-11-01,3856.1,3901.79,3911.79,3843.8,-0.004109694089746853
2022-11-02,3759.69,3852.9,3894.44,3758.68,-0.0253198028276198
2022-11-03,3719.89,3733.25,3750.59,3698.15,-0.01064240923898342
2022-11-04,3770.55,3766.98,3796.34,3708.84,0.013526781457993704
2022-11-07,3806.8,3780.71,3813.95,3764.7,0.009568061802673562
2022-11-08,3828.11,3817.02,3859.4,3786.28,0.005582267593980096
2022-11-09,3748.57,3810.94,3818.2,3744.22,-0.020996774887089925
2022-11-10,3956.37,3859.89,3958.33,3859.89,0.05395250428096393
2022-11-11,3992.93,3963.72,4001.48,3944.82,0.00919835904482699
2022-11-14,3957.25,3977.97,4008.97,3956.4,-0.008975957665021739
2022-11-15,3991.73,4006.41,4028.84,3953.17,0.008675381307597811
2022-11-16,3958.79,3976.82,3983.09,3954.34,-0.00828629787208508
2022-11-17,3946.56,3919.26,3954.33,3906.54,-0.003094109623737159
2022-11-18,3965.34,3966.39,3979.89,3935.98,0.004747288330235593
2022-11-21,3949.94,3956.23,3962.0,3933.34,-0.0038912128014762935
2022-11-22,4003.58,3965.51,4005.88,3956.88,0.01348857192195737
2022-11-23,4027.26,4000.3,4033.78,3998.66,0.005897283130642713
2022-11-25,4026.12,4023.34,4034.02,4020.76,-0.000283110944129042
2022-11-28,3963.94,4005.36,4012.27,3955.77,-0.015564652905563017
2022-11-29,3957.63,3964.19,3976.77,3937.65,-0.0015931188727940442
2022-11-30,4080.11,3957.18,4080.11,3938.58,0.03047858758258928
2022-12-01,4076.57,4087.14,4100.51,4050.87,-0.000868000270271791
2022-12-02,4071.7,4040.17,4080.48,4026.63,-0.0011953459028422096
2022-12-05,3998.84,4052.02,4052.45,3984.49,-0.01805628360207544
2022-12-06,3941.26,3996.63,4001.51,3918.39,-0.014503849921748772
2022-12-07,3933.92,3933.28,3957.57,3922.68,-0.0018640849162627044
2022-12-08,3963.51,3947.79,3974.19,3935.83,0.007493612090724109
2022-12-09,3934.38,3954.17,3977.02,3933.04,-0.00737668721482345
2022-12-12,3990.56,3939.29,3990.71,3935.3,0.014178262831053962
2022-12-13,4019.65,4069.38,4100.96,3993.03,0.007263262233261697
2022-12-14,3995.32,4015.54,4053.76,3965.65,-0.006071158028413109
2022-12-15,3895.75,3958.37,3958.37,3879.45,-0.025237460791963953
2022-12-16,3852.36,3890.91,3890.91,3827.91,-0.011200267830704025
2022-12-19,3817.66,3853.79,3854.86,3800.04,-0.009048278034291597
2022-12-20,3821.62,3810.47,3838.24,3795.62,0.001036747011419641
2022-12-21,3878.44,3839.49,3889.82,3839.49,0.014758594440961796
2022-12-22,3822.39,3853.26,3853.26,3764.49,-0.014557129502374849
2022-12-23,3844.82,3815.11,3845.8,3797.01,0.005850906388984781
2022-12-27,3829.25,3843.34,3846.65,3813.22,-0.004057826255056132
2022-12-28,3783.22,3829.56,3848.32,3780.78,-0.01209346269904926
2022-12-29,3849.28,3805.45,3858.19,3805.45,0.017310618960093668
2022-12-30,3839.5,3829.06,3839.85,3800.34,-0.0025439680351095257
2023-01-03,3824.14,3853.29,3878.46,3794.33,-0.0040085443908070935
2023-01-04,3852.97,3840.36,3873.16,3815.77,0.007510674075384772
2023-01-05,3808.1,3839.74,3839.74,3802.42,-0.011713902384519219
2023-01-06,3895.08,3823.37,3906.19,3809.56,0.02258384117602654
2023-01-09,3892.09,3910.82,3950.57,3890.42,-0.0007679298504944067
2023-01-10,3919.25,3888.57,3919.83,3877.29,0.0069540205524518915
2023-01-11,3969.61,3932.35,3970.07,3928.54,0.012767544131228952
2023-01-12,3983.17,3977.57,3997.76,3937.56,0.0034101315868827887
2023-01-13,3999.09,3960.6,4003.95,3947.67,0.003988850553225138
2023-01-17,3990.97,3999.28,4015.39,3984.57,-0.0020325261125498277
2023-01-18,3928.86,4002.25,4014.16,3926.59,-0.015685001660276407
2023-01-19,3898.85,3911.84,3922.94,3885.54,-0.00766766960752083
2023-01-20,3972.61,3909.04,3972.96,3897.86,0.01874167155917249
2023-01-23,4019.81,3978.14,4039.31,3971.64,0.011811328415709267
2023-01-24,4016.95,4001.74,4023.92,3989.79,-0.0007117296325210936
2023-01-25,4016.22,3982.71,4019.55,3949.06,-0.00018174643434897735
2023-01-26,4060.43,4036.08,4061.57,4013.29,0.010947717569977039
2023-01-27,4070.56,4053.72,4094.21,4048.7,0.0024917027916841637
2023-01-30,4017.77,4049.27,4063.85,4015.55,-0.013053559781991077
2023-01-31,4076.6,4020.85,4077.16,4020.44,0.014536285322318165
2023-02-01,4119.21,4070.07,4148.95,4037.2,0.010398089735210484
2023-02-02,4179.76,4158.68,4195.44,4141.88,0.014592431217642185
2023-02-03,4136.48,4136.69,4182.36,4123.36,-0.010408643989373002
2023-02-06,4111.08,4119.57,4124.63,4093.38,-0.006159416919169087
2023-02-07,4164.0,4105.35,4176.54,4088.39,0.012790383040919152
2023-02-08,4117.86,4153.47,4156.85,4111.67,-0.011142539811002886
2023-02-09,4081.5,4144.25,4156.23,4069.67,-0.008869043032445954
2023-02-10,4090.46,4068.92,4094.36,4060.79,0.002192865258876484
2023-02-13,4137.29,4096.62,4138.9,4092.67,0.011383550959928976
2023-02-14,4136.13,4126.7,4159.77,4095.01,-0.0002804160812822511
2023-02-15,4147.6,4119.5,4148.11,4103.98,0.002769285655189374
2023-02-16,4090.41,4114.75,4136.54,4089.49,-0.013884644172642286
2023-02-17,4079.09,4077.39,4081.51,4047.95,-0.0027712852059047503
2023-02-21,3997.34,4052.35,4052.35,3995.19,-0.020244784414123935
2023-02-22,3991.05,4001.83,4017.37,3976.9,-0.0015747857327715093
2023-02-23,4012.32,4018.6,4028.3,3969.19,0.005315273460274993
2023-02-24,3970.04,3973.24,3978.25,3943.08,-0.010593457421727142
2023-02-27,3982.24,3992.36,4018.05,3973.55,0.0030683048311681872
2023-02-28,3970.15,3977.19,3997.5,3968.98,-0.0030405976856194583
2023-03-01,3951.39,3963.34,3971.73,3939.05,-0.00473646161527038
2023-03-02,3981.35,3938.68,3990.84,3928.16,0.007553542016924832
2023-03-03,4045.64,3998.02,4048.29,3995.17,0.016018800257414187
2023-03-06,4048.42,4055.15,4078.49,4044.61,0.0006869235239955045
2023-03-07,3986.37,4048.26,4050.0,3980.31,-0.015445639173959797
2023-03-08,3992.01,3987.55,4000.41,3969.76,0.0014138210863556078
2023-03-09,3918.32,3998.66,4017.81,3908.7,-0.018631872945282475
2023-03-10,3861.59,3912.77,3934.05,3846.32,-0.014583974750190179
2023-03-13,3855.76,3835.12,3905.05,3808.86,-0.0015108816132590817
2023-03-14,3919.29,3894.01,3937.29,3873.63,0.016342380801371525
2023-03-15,3891.93,3876.74,3894.26,3838.24,-0.007005336398235209
2023-03-16,3960.28,3878.93,3964.46,3864.11,0.01740955128696453
2023-03-17,3916.64,3958.69,3958.91,3901.27,-0.011080586449227313
2023-03-20,3951.57,3917.47,3956.62,3916.89,0.008878824909597214
2023-03-21,4002.87,3975.89,4009.08,3971.19,0.01289863554198477
2023-03-22,3936.97,4002.04,4039.49,3936.17,-0.016600211922495948
2023-03-23,3948.72,3959.21,4007.66,3919.05,0.0029800838470393862
2023-03-24,3970.99,3939.21,3972.74,3909.16,0.005623958124210314
2023-03-27,3977.53,3982.93,4003.83,3970.49,0.0016455897389303137
2023-03-28,3971.27,3974.13,3979.2,3951.53,-0.001575080840930101
2023-03-29,4027.81,3999.53,4030.59,3999.53,0.014136861145886559
2023-03-30,4050.83,4046.74,4057.85,4032.1,0.005698994460609173
2023-03-31,4109.31,4056.18,4110.75,4056.18,0.014333332809426856
2023-04-03,4124.51,4102.2,4127.66,4098.79,0.003692093649516912
2023-04-04,4100.6,4128.03,4133.13,4086.87,-0.005813920385208212
2023-04-05,4090.38,4094.5,4099.69,4072.56,-0.002495429192470336
2023-04-06,4105.02,4081.15,4107.32,4069.84,0.0035727397253701647
2023-04-10,4109.11,4085.2,4109.5,4072.55,0.0009958450470119054
2023-04-11,4108.94,4110.29,4124.26,4102.61,-4.137234502690973e-05
2023-04-12,4091.95,4121.72,4134.37,4086.94,-0.004143458650798345
2023-04-13,4146.22,4100.04,4150.26,4099.4,0.013175446748330008
2023-04-14,4137.64,4140.11,4163.19,4113.2,-0.002071498810492095
2023-04-17,4151.32,4137.17,4151.72,4123.18,0.0033007789687629755
2023-04-18,4154.87,4164.26,4169.48,4140.36,0.0008547842551524592
2023-04-19,4154.52,4139.33,4162.57,4134.49,-8.424204429116194e-05
2023-04-20,4129.79,4130.48,4148.57,4114.57,-0.005970339945819703
2023-04-21,4133.52,4132.14,4138.02,4113.86,0.000902785990925368
2023-04-24,4137.04,4132.07,4142.41,4117.77,0.0008512120612239251
2023-04-25,4071.63,4126.43,4126.43,4071.38,-0.01593714559496794
2023-04-26,4055.99,4087.78,4089.67,4049.35,-0.003848609877111783
2023-04-27,4135.35,4075.29,4138.24,4075.29,0.01937716738000212
2023-04-28,4169.48,4129.63,4170.06,4127.18,0.008219359612570367
2023-05-01,4167.87,4166.79,4186.92,4164.12,-0.0003862138497272949
2023-05-02,4119.58,4164.1,4164.1,4089.72,-0.011653897528004022
2023-05-03,4090.75,4122.25,4148.3,4088.86,-0.00702288909058116
2023-05-04,4061.22,4082.55,4082.61,4048.28,-0.007244906241251436
2023-05-05,4136.25,4084.73,4147.02,4084.73,0.018306159168068423
2023-05-08,4138.12,4136.98,4142.3,4123.81,0.00045199816586328297
2023-05-09,4119.17,4124.25,4130.35,4116.65,-0.004589891663841041
2023-05-10,4137.64,4143.74,4154.28,4098.92,0.004473890233026689
2023-05-11,4130.62,4132.24,4132.8,4109.29,-0.0016980602174566785
2023-05-12,4124.08,4138.54,4143.74,4099.12,-0.0015845521626198357
2023-05-15,4136.28,4126.65,4141.25,4110.27,0.0029538685652344835
2023-05-16,4109.9,4127.95,4135.54,4109.86,-0.006398135861993161
2023-05-17,4158.77,4122.85,4164.67,4113.62,0.01182066016444788
2023-05-18,4198.05,4157.68,4202.2,4153.5,0.009400774284705668
2023-05-19,4191.98,4204.15,4212.91,4180.2,-0.001446955746059144
2023-05-22,4192.63,4190.78,4209.22,4179.68,0.0001550459714410593
2023-05-23,4145.58,4176.8,4185.68,4142.54,-0.011285515564489972
2023-05-24,4115.24,4132.96,4132.96,4103.98,-0.007345550785867146
2023-05-25,4151.28,4155.71,4165.74,4129.73,0.008719564785563249
2023-05-26,4205.45,4156.16,4212.87,4156.16,0.01296458273531355
2023-05-30,4205.52,4226.71,4231.1,4192.18,1.6644929182328236e-05
2023-05-31,4179.83,4190.74,4195.44,4166.15,-0.006127372232971846
2023-06-01,4221.02,4183.03,4232.43,4171.64,0.009806229149665344
2023-06-02,4282.37,4241.01,4290.67,4241.01,0.01442978965214366
2023-06-05,4273.79,4282.99,4299.28,4266.82,-0.0020055732655681105
2023-06-06,4283.85,4271.34,4288.33,4263.09,0.0023511165774900327
2023-06-07,4267.52,4285.47,4299.19,4263.96,-0.0038192757067673886
2023-06-08,4293.93,4268.69,4298.01,4261.07,0.00616953524709693
2023-06-09,4298.86,4304.88,4322.62,4291.7,0.0011474737636884458
2023-06-12,4338.93,4308.32,4340.13,4304.37,0.009277902665684432
2023-06-13,4369.01,4352.61,4375.37,4349.31,0.0069086648833658285
2023-06-14,4372.59,4366.29,4391.82,4337.85,0.0008190720692196159
2023-06-15,4425.84,4365.33,4439.2,4362.6,0.012104580063652602
2023-06-16,4409.59,4440.95,4448.47,4407.44,-0.0036783763376504303
2023-06-20,4388.71,4396.11,4400.15,4367.19,-0.004746380368690653
2023-06-21,4365.69,4380.01,4386.22,4360.14,-0.005259081846186579
2023-06-22,4381.89,4355.4,4382.25,4351.82,0.003703885765053952
2023-06-23,4348.33,4354.17,4366.55,4341.34,-0.007688274822307147
2023-06-26,4328.82,4344.84,4362.06,4328.08,-0.004496875789266097
2023-06-27,4378.41,4337.36,4384.42,4335.0,0.011390657230512101
2023-06-28,4376.86,4367.48,4390.35,4360.22,-0.0003540724651995093
2023-06-29,4396.44,4374.94,4398.39,4371.97,0.00446355020531417
2023-06-30,4450.38,4422.44,4458.48,4422.44,0.012194363266362706
2023-07-03,4455.59,4450.48,4456.46,4442.29,0.0011700018289601843
2023-07-05,4446.82,4442.04,4454.06,4436.61,-0.001970253636267394
2023-07-06,4411.59,4422.62,4422.62,4385.05,-0.007954065287478301
2023-07-07,4398.95,4404.54,4440.39,4397.4,-0.0028692926136023467
2023-07-10,4409.53,4394.23,4412.6,4389.92,0.002402231733022815
2023-07-11,4439.26,4415.55,4443.64,4408.46,0.006719588071620385
2023-07-12,4472.16,4467.69,4488.34,4463.23,0.007383817501052891
2023-07-13,4510.04,4491.5,4517.38,4489.36,0.008434509266769535
2023-07-14,4505.42,4514.61,4527.76,4499.56,-0.0010249061954501163
2023-07-17,4522.79,4508.86,4532.85,4504.9,0.003847943597379543
2023-07-18,4554.98,4521.78,4562.3,4514.59,0.007092079866132413
2023-07-19,4565.72,4563.87,4578.43,4557.48,0.0023550834835142126
2023-07-20,4534.87,4554.38,4564.74,4527.56,-0.006779806181851591
2023-07-21,4536.34,4550.16,4555.0,4535.79,0.0003241023001049327
2023-07-24,4554.64,4543.39,4563.41,4541.29,0.004025974035341747
2023-07-25,4567.46,4555.19,4580.62,4552.42,0.0028107581456501534
2023-07-26,4566.75,4558.96,4582.47,4547.58,-0.00015545953102232801
2023-07-27,4537.41,4598.26,4607.07,4528.56,-0.0064454274911412875
2023-07-28,4582.23,4565.75,4590.16,4564.01,0.009829414508767577
2023-07-31,4588.96,4584.82,4594.22,4573.14,0.001467639686456588
2023-08-01,4576.73,4578.83,4584.62,4567.53,-0.002668649552448092
2023-08-02,4513.39,4550.93,4550.93,4505.75,-0.013936235197657028
2023-08-03,4501.89,4494.27,4519.49,4485.54,-0.0025512255276715053
2023-08-04,4478.03,4513.96,4540.34,4474.55,-0.0053140910274567365
2023-08-07,4518.44,4491.58,4519.84,4491.15,0.008983583955258645
2023-08-08,4499.38,4498.03,4503.31,4464.39,-0.004227192022498048
2023-08-09,4467.71,4501.57,4502.44,4461.33,-0.007063636404007057
2023-08-10,4468.83,4487.16,4527.37,4457.92,0.00025065629558288107
2023-08-11,4464.05,4450.69,4476.23,4443.98,-0.001070203664713968
2023-08-14,4489.72,4458.13,4490.33,4453.44,0.005733913274737526
2023-08-15,4437.86,4478.87,4478.87,4432.19,-0.011618060736365813
2023-08-16,4404.33,4433.79,4449.95,4403.55,-0.007584130338210397
2023-08-17,4370.36,4416.32,4421.17,4364.83,-0.007742762356125065
2023-08-18,4369.71,4344.88,4381.82,4335.31,-0.00014874022775515319
2023-08-21,4399.77,4380.28,4407.55,4360.3,0.006855621481266927
2023-08-22,4387.55,4415.33,4418.59,4382.77,-0.002781282092229976
2023-08-23,4436.01,4396.44,4443.18,4396.44,0.01098433903027149
2023-08-24,4376.31,4455.16,4458.3,4375.55,-0.013549420207499292
2023-08-25,4405.71,4389.38,4418.46,4356.29,0.006695523315478112
2023-08-28,4433.31,4426.03,4439.56,4414.98,0.006245056511156882
2023-08-29,4497.63,4432.75,4500.14,4431.68,0.014404107984150809
2023-08-30,4514.87,4500.34,4521.65,4493.59,0.0038258021699069606
2023-08-31,4507.66,4517.01,4532.26,4507.39,-0.0015982216816604765
2023-09-01,4515.77,4530.6,4541.25,4501.35,0.0017975431036151848
2023-09-05,4496.83,4510.06,4514.29,4496.01,-0.004203010869610265
2023-09-06,4465.48,4490.35,4490.35,4442.38,-0.006995992744252873
2023-09-07,4451.14,4434.55,4457.81,4430.46,-0.0032164682050081963
2023-09-08,4457.49,4451.3,4473.53,4448.38,0.0014255841976643817
2023-09-11,4487.46,4480.98,4490.77,4467.89,0.006701012782986727
2023-09-12,4461.9,4473.27,4487.11,4456.83,-0.0057121558411206055
2023-09-13,4467.44,4462.65,4479.39,4453.52,0.0012408533465711885
2023-09-14,4505.1,4487.78,4511.99,4478.69,0.008394550741111827
2023-09-15,4450.32,4497.98,4497.98,4447.21,-0.012234084667107637
2023-09-18,4453.53,4445.13,4466.36,4442.11,0.000721036436838388
2023-09-19,4443.95,4445.41,4449.85,4416.61,-0.0021534195529618974
2023-09-20,4402.2,4452.81,4461.03,4401.38,-0.009439204623110126
2023-09-21,4330.0,4374.36,4375.7,4329.17,-0.01653687395146802
2023-09-22,4320.06,4341.74,4357.4,4316.49,-0.0022982509659402743
2023-09-25,4337.44,4310.62,4338.51,4302.7,0.004015021275818627
2023-09-26,4273.53,4312.88,4313.01,4265.98,-0.014844128717961364
2023-09-27,4274.51,4282.63,4292.07,4238.63,0.00022929233000634007
2023-09-28,4299.7,4269.65,4317.27,4264.38,0.00587577688747319
2023-09-29,4288.05,4328.18,4333.15,4274.86,-0.002713168675515421
2023-10-02,4288.39,4284.52,4300.58,4260.21,7.928697692236147e-05
2023-10-03,4229.45,4269.75,4281.15,4216.45,-0.013839410161483797
2023-10-04,4263.75,4233.83,4268.5,4220.48,0.008077093787000134
2023-10-05,4258.19,4259.31,4267.13,4225.91,-0.0013048673867472557
2023-10-06,4308.5,4234.79,4324.1,4219.55,0.011745628333713317
2023-10-09,4335.66,4289.02,4341.73,4283.79,0.006284032081045516
2023-10-10,4358.24,4339.75,4385.46,4339.64,0.005194458360886415
2023-10-11,4376.95,4366.59,4378.64,4345.34,0.004283828654568987
2023-10-12,4349.61,4380.94,4385.85,4325.43,-0.006265948885271601
2023-10-13,4327.78,4360.49,4377.1,4311.97,-0.005031477449688668
2023-10-16,4373.63,4342.37,4383.33,4342.37,0.010538619453747615
2023-10-17,4373.2,4345.23,4393.57,4337.54,-9.832133477993887e-05
2023-10-18,4314.6,4357.35,4364.2,4303.84,-0.01349038622382619
2023-10-19,4278.0,4321.36,4339.54,4269.69,-0.008519009694152467
2023-10-20,4224.16,4273.85,4276.56,4223.03,-0.01266518618575799
2023-10-23,4217.04,4210.4,4255.84,4189.22,-0.0016869643388467898
2023-10-24,4247.68,4235.79,4259.38,4219.43,0.0072394913997594025
2023-10-25,4186.77,4232.42,4232.42,4181.42,-0.014443397939346892
2023-10-26,4137.23,4175.99,4183.6,4127.9,-0.011903071819740901
2023-10-27,4117.37,4152.93,4156.7,4103.78,-0.004811871761208667
2023-10-30,4166.82,4139.39,4177.47,4132.94,0.011938544947970331
2023-10-31,4193.8,4171.33,4195.55,4153.12,0.006454089207465981
2023-11-01,4237.86,4201.27,4245.64,4197.74,0.010451180679737281
2023-11-02,4317.78,4268.26,4319.72,4268.26,0.018682956430735833
2023-11-03,4358.34,4334.23,4373.62,4334.23,0.009349869637436973
2023-11-06,4365.98,4364.27,4372.21,4347.53,0.0017514263468030517
2023-11-07,4378.38,4366.21,4386.26,4355.41,0.002836115693239983
2023-11-08,4382.78,4384.37,4391.2,4359.76,0.0010044332873557552
2023-11-09,4347.35,4391.41,4393.4,4343.94,-0.008116762182437998
2023-11-10,4415.24,4364.15,4418.03,4353.34,0.015495728650985885
2023-11-13,4411.55,4406.66,4421.76,4393.82,-0.0008360910851978613
2023-11-14,4495.7,4458.97,4508.67,4458.97,0.018895282757298078
2023-11-15,4502.88,4505.3,4521.17,4495.31,0.0015958076771483444
2023-11-16,4508.24,4497.08,4511.99,4487.83,0.0011896413835666805
2023-11-17,4514.02,4509.55,4520.12,4499.66,0.001281275598516672
2023-11-20,4547.38,4511.7,4557.11,4510.36,0.0073631338909269815
2023-11-21,4538.19,4538.77,4542.14,4525.51,-0.0020229887908321687
2023-11-22,4556.62,4553.04,4568.43,4545.05,0.004052866464977724
2023-11-24,4559.34,4555.84,4560.31,4552.8,0.0005967555980324687
2023-11-27,4550.43,4554.86,4560.52,4546.32,-0.0019561422168003027
2023-11-28,4554.89,4545.55,4568.14,4540.51,0.0009796471418229004
2023-11-29,4550.58,4571.84,4587.64,4547.15,-0.000946683767425388
2023-11-30,4567.8,4554.87,4569.89,4537.24,0.0037769911916856066
2023-12-01,4594.63,4559.43,4599.39,4554.71,0.005856541700615295
2023-12-04,4569.78,4564.37,4572.37,4546.72,-0.005423166555119596
2023-12-05,4567.18,4557.25,4578.56,4551.68,-0.0005691170958779145
2023-12-06,4549.34,4586.23,4590.74,4546.5,-0.003913779111384419
2023-12-07,4585.59,4568.84,4590.92,4565.22,0.007936610413312938
2023-12-08,4604.37,4576.2,4609.23,4574.06,0.004087074621006593
2023-12-11,4622.44,4593.39,4623.71,4593.39,0.003916851675081129
2023-12-12,4643.7,4618.3,4643.93,4608.09,0.004588758060085738
2023-12-13,4707.09,4646.2,4709.69,4643.23,0.013558420429298217
2023-12-14,4719.55,4721.04,4738.57,4694.34,0.0026435733742609306
2023-12-15,4719.19,4714.23,4725.53,4704.69,-7.628136810104926e-05
2023-12-18,4740.56,4725.58,4749.52,4725.58,0.004518097487249544
2023-12-19,4768.37,4743.72,4768.69,4743.72,0.005849255234901429
2023-12-20,4698.35,4764.73,4778.01,4697.82,-0.014793144174519959
2023-12-21,4746.75,4724.29,4748.71,4708.35,0.01024879009249407
2023-12-22,4754.63,4753.92,4772.94,4736.77,0.0016587067997896167
2023-12-26,4774.75,4758.86,4784.72,4758.45,0.004222736399949838
2023-12-27,4781.58,4773.45,4785.39,4768.9,0.001429419277681746
2023-12-28,4783.35,4786.44,4793.3,4780.98,0.00037010203319937546
2023-12-29,4769.83,4782.88,4788.43,4751.99,-0.0028304729998547477
2024-01-02,4742.83,4745.2,4754.33,4722.67,-0.005676660892965471
2024-01-03,4704.81,4725.07,4729.29,4699.71,-0.00804861430897457
2024-01-04,4688.68,4697.42,4726.78,4687.53,-0.003434296699869414
2024-01-05,4697.24,4690.57,4721.49,4682.11,0.0018240092336748459
2024-01-08,4763.54,4703.7,4764.54,4699.82,0.014015987132365047
2024-01-09,4756.5,4741.93,4765.47,4730.35,-0.0014789856520085827
2024-01-10,4783.45,4759.94,4790.8,4756.2,0.005649939819610993
2024-01-11,4780.24,4792.13,4798.5,4739.58,-0.000671289036040164
2024-01-12,4783.83,4791.18,4802.4,4768.98,0.0007507264519410598
2024-01-16,4765.98,4772.35,4782.34,4747.12,-0.0037382986232446964
2024-01-17,4739.21,4739.13,4744.23,4714.82,-0.005632727126755614
2024-01-18,4780.94,4760.1,4785.79,4740.57,0.008766724739532073
2024-01-19,4839.81,4796.28,4842.07,4785.87,0.012238283870230153
2024-01-22,4850.43,4853.42,4868.41,4844.05,0.0021918970535104105
2024-01-23,4864.6,4856.8,4866.48,4844.37,0.002917131506229948
2024-01-24,4868.55,4888.56,4903.68,4865.94,0.0008116591682758741
2024-01-25,4894.16,4886.66,4898.15,4869.34,0.005246506091991603
2024-01-26,4890.97,4888.91,4906.69,4881.47,-0.000652009756234213
2024-01-29,4927.93,4892.95,4929.31,4887.4,0.007528373761456543
2024-01-30,4924.97,4925.89,4931.09,4916.27,-0.0006008383499372603
2024-01-31,4845.65,4899.19,4906.75,4845.15,-0.016236787963987382
2024-02-01,4906.19,4861.11,4906.97,4853.52,0.012416277903485802
2024-02-02,4958.61,4916.06,4975.29,4907.99,0.010627786351803241
2024-02-05,4942.81,4957.19,4957.19,4918.09,-0.003191464135615035
2024-02-06,4954.23,4950.16,4957.77,4934.88,0.0023077617284261594
2024-02-07,4995.06,4973.05,4999.89,4969.05,0.00820766692133105
2024-02-08,4997.91,4995.16,5000.4,4987.09,0.0005704010073624875
2024-02-09,5026.61,5004.17,5030.06,5000.34,0.005725975590860193
2024-02-12,5021.84,5026.83,5048.39,5016.83,-0.0009494002275555409
2024-02-13,4953.17,4967.94,4971.3,4920.31,-0.013768624761212093
2024-02-14,5000.62,4976.44,5002.52,4956.45,0.0095341290968955
2024-02-15,5029.73,5003.14,5032.72,4999.44,0.005804399991794575
2024-02-16,5005.57,5031.13,5038.7,4999.52,-0.004815012341991563
2024-02-20,4975.51,4989.32,4993.71,4955.02,-0.006023414477222352
2024-02-21,4981.8,4963.03,4983.21,4946.0,0.0012633935945864823
2024-02-22,5087.03,5038.83,5094.39,5038.83,0.02090289169482803
2024-02-23,5088.8,5100.92,5111.06,5081.46,0.00034788317372660206
2024-02-26,5069.53,5093.0,5097.66,5068.91,-0.0037939352461026604
2024-02-27,5078.18,5074.6,5080.69,5057.29,0.001704818544289236
2024-02-28,5069.76,5067.2,5077.37,5058.35,-0.001659450476103029
2024-02-29,5096.27,5085.36,5104.99,5061.89,0.005215420393340162
2024-03-01,5137.08,5098.51,5140.33,5094.16,0.007975925057791697
2024-03-04,5130.95,5130.99,5149.67,5127.18,-0.0011939974324694175
2024-03-05,5078.65,5110.52,5114.54,5056.82,-0.01024534898157439
2024-03-06,5104.76,5108.03,5127.97,5092.22,0.005127959537251652
2024-03-07,5157.36,5132.38,5165.62,5128.21,0.010251382881397443
2024-03-08,5123.69,5164.46,5189.26,5117.5,-0.0065499380656454595
2024-03-11,5117.94,5111.96,5124.66,5091.14,-0.0011228682551799477
2024-03-12,5175.27,5134.3,5179.87,5114.48,0.011139497364012345
2024-03-13,5165.31,5173.49,5179.14,5151.88,-0.001926391571868686
2024-03-14,5150.48,5175.14,5176.85,5123.3,-0.0028752059156686048
2024-03-15,5117.09,5123.31,5136.86,5104.35,-0.00650399611692649
2024-03-18,5149.42,5154.77,5175.6,5145.47,0.006298168875158858
2024-03-19,5178.51,5139.09,5180.31,5131.59,0.0056332831318901015
2024-03-20,5224.62,5181.69,5226.19,5171.55,0.008864697827341068
2024-03-21,5241.53,5253.43,5261.1,5240.66,0.003231372513137806
2024-03-22,5234.18,5242.48,5246.09,5229.87,-0.0014032464064151588
2024-03-25,5218.19,5219.52,5229.09,5216.09,-0.0030595955699421543
2024-03-26,5203.58,5228.85,5235.16,5203.42,-0.0028037482252575453
2024-03-27,5248.49,5226.31,5249.26,5213.92,0.008593565940707955
2024-03-28,5254.35,5248.03,5264.85,5245.82,0.0011158887706710923
2024-04-01,5243.77,5257.97,5263.95,5229.2,-0.0020155996658250933
2024-04-02,5205.81,5204.29,5208.34,5184.05,-0.0072653957344673645
2024-04-03,5211.49,5194.37,5228.75,5194.37,0.0010904938060488179
2024-04-04,5147.21,5244.05,5256.59,5146.06,-0.012410983057457463
2024-04-05,5204.34,5158.95,5222.18,5157.21,0.011038072569656417
2024-04-08,5202.39,5211.37,5219.57,5197.35,-0.0003747574930495873
2024-04-09,5209.91,5217.03,5224.81,5160.78,0.0014444457627020377
2024-04-10,5160.64,5167.88,5178.43,5138.7,-0.009501978333887355
2024-04-11,5199.06,5172.95,5211.78,5138.77,0.007417237205872028
2024-04-12,5123.41,5171.51,5175.03,5107.94,-0.01465760702944856
2024-04-15,5061.82,5149.67,5168.43,5052.47,-0.012094130563305876
2024-04-16,5051.41,5064.59,5079.84,5039.83,-0.002058690186348507
2024-04-17,5022.21,5068.97,5077.96,5007.25,-0.005797336366096615
2024-04-18,5011.12,5031.52,5056.66,5001.89,-0.002210632863926085
2024-04-19,4967.23,5005.44,5019.02,4953.56,-0.008797102336546191
2024-04-22,5010.6,4987.33,5038.84,4969.4,0.008693327734887766
2024-04-23,5070.55,5028.85,5076.12,5027.96,0.011893624576650831
2024-04-24,5071.63,5084.86,5089.48,5047.02,0.00021297196541228134
2024-04-25,5048.42,5019.88,5057.75,4990.58,-0.004586941901457446
2024-04-26,5099.96,5084.65,5114.62,5073.14,0.010157373516560254
2024-04-29,5116.17,5114.13,5123.49,5088.65,0.003173415687477538
2024-04-30,5035.69,5103.78,5110.83,5035.31,-0.01585555475344571
2024-05-01,5018.39,5029.03,5096.12,5013.45,-0.0034413923648739225
2024-05-02,5064.2,5049.32,5073.21,5011.05,0.009087013401337432
2024-05-03,5127.79,5122.78,5139.12,5101.22,0.01247858860899914
2024-05-06,5180.74,5142.42,5181.0,5142.42,0.010273136069376812
2024-05-07,5187.7,5187.2,5200.23,5178.96,0.0013425358193505205
2024-05-08,5187.67,5168.98,5191.95,5165.86,-5.78292629562257e-06
2024-05-09,5214.08,5189.03,5215.3,5180.41,0.005078002595891348
2024-05-10,5222.68,5225.49,5239.66,5209.68,0.0016480214063461682
2024-05-13,5221.42,5233.08,5237.26,5211.16,-0.00024128455417182781
2024-05-14,5246.68,5221.1,5250.37,5217.98,0.004826100061719822
2024-05-15,5308.15,5263.26,5311.76,5263.26,0.011647879688045933
2024-05-16,5297.1,5310.07,5325.49,5296.19,-0.00208387430730016
2024-05-17,5303.27,5303.1,5305.45,5283.59,0.0011641104408194052
2024-05-20,5308.13,5305.35,5325.32,5302.4,0.0009159960683443537
2024-05-21,5321.41,5298.69,5324.32,5297.87,0.002498698327390512
2024-05-22,5307.01,5319.28,5323.18,5286.01,-0.0027097176835470336
2024-05-23,5267.84,5340.26,5341.88,5256.93,-0.00740817678564494
2024-05-24,5304.72,5281.45,5311.65,5278.39,0.006976578915071976
2024-05-28,5306.04,5315.91,5315.91,5280.89,0.00024880404548013993
2024-05-29,5266.95,5278.73,5282.27,5262.7,-0.007394346936505546
2024-05-30,5235.48,5259.77,5260.21,5222.1,-0.005992916722542298
2024-05-31,5277.51,5243.21,5280.33,5191.68,0.007995864911522231
2024-06-03,5283.4,5297.15,5302.11,5234.32,0.0011154342969859781
2024-06-04,5291.34,5278.24,5298.8,5257.63,0.0015016920495655548
2024-06-05,5354.03,5314.48,5354.16,5297.64,0.011778026448059028
2024-06-06,5352.96,5357.8,5362.35,5335.36,-0.0001998694317565987
2024-06-07,5346.99,5343.81,5375.08,5331.33,-0.0011158931807150971
2024-06-10,5360.79,5341.22,5365.79,5331.52,0.0025775665246065955
2024-06-11,5375.32,5353.0,5375.95,5327.25,0.0027067548434573357
2024-06-12,5421.03,5409.13,5447.25,5409.13,0.008467727171882782
2024-06-13,5433.74,5441.93,5441.93,5402.51,0.002341828672305396
2024-06-14,5431.6,5424.08,5432.39,5403.75,-0.0003939131270021622
2024-06-17,5473.23,5431.11,5488.5,5420.4,0.007635185920104081
2024-06-18,5487.03,5476.15,5490.38,5471.32,0.0025181897678469146
2024-06-20,5473.17,5499.99,5505.53,5455.56,-0.002529152276068834
2024-06-21,5464.62,5466.77,5478.31,5452.03,-0.0015633874377691908
2024-06-24,5447.87,5459.58,5490.66,5447.59,-0.003069879221800406
2024-06-25,5469.3,5460.73,5472.88,5446.56,0.00392593090057643
2024-06-26,5477.9,5460.71,5483.14,5451.87,0.0015711783413408377
2024-06-27,5482.87,5473.59,5490.81,5467.54,0.0009068706560974762
2024-06-28,5460.48,5488.48,5523.64,5451.12,-0.004091988512145809
2024-07-01,5475.09,5471.08,5479.55,5446.53,0.002672015942936098
2024-07-02,5509.01,5461.84,5509.69,5458.43,0.0061762197767835335
2024-07-03,5537.02,5507.44,5539.27,5507.42,0.005071516198197267
2024-07-05,5567.19,5537.91,5570.33,5531.63,0.005433988413197175
2024-07-08,5572.85,5572.75,5583.11,5562.51,0.0010161544279964853
2024-07-09,5576.98,5584.24,5590.75,5574.57,0.0007408185037586474
2024-07-10,5633.91,5591.26,5635.39,5586.44,0.010156283642139425
2024-07-11,5584.54,5635.21,5642.45,5576.53,-0.00880162923017665
2024-07-12,5615.35,5590.76,5655.56,5590.44,0.005501853628775982
2024-07-15,5631.22,5638.16,5666.94,5614.75,0.002822195662042845
2024-07-16,5667.2,5644.09,5669.67,5639.02,0.006369053660041409
2024-07-17,5588.27,5610.07,5622.49,5584.81,-0.014025410555021933
2024-07-18,5544.59,5608.56,5614.05,5522.81,-0.00784708046968273
2024-07-19,5505.0,5543.37,5557.5,5497.04,-0.007165907407029404
2024-07-22,5564.41,5544.54,5570.36,5529.04,0.010734189165974961
2024-07-23,5555.74,5565.3,5585.34,5550.9,-0.0015593317997995005
2024-07-24,5427.13,5505.84,5508.04,5419.98,-0.023421178443889513
2024-07-25,5399.22,5428.7,5491.59,5390.95,-0.0051559504042484414
2024-07-26,5459.1,5433.67,5488.32,5430.7,0.01102944231248889
2024-07-29,5463.54,5476.55,5487.74,5444.44,0.0008129903108684501
2024-07-30,5436.44,5478.73,5489.46,5401.7,-0.004972496433736025
2024-07-31,5522.3,5505.59,5551.51,5493.75,0.01567000529191805
2024-08-01,5446.68,5537.84,5566.16,5410.42,-0.013788191433053192
2024-08-02,5346.56,5376.63,5383.89,5302.03,-0.018552885294602865
2024-08-05,5186.33,5151.14,5250.89,5119.26,-0.030427045496882188
2024-08-06,5240.03,5206.42,5312.34,5193.56,0.010300905557719547
2024-08-07,5199.5,5293.13,5330.64,5195.54,-0.007764756389251183
2024-08-08,5319.31,5252.57,5328.03,5233.85,0.022781128575607587
2024-08-09,5344.16,5314.66,5358.67,5300.84,0.004660780212150723
2024-08-12,5344.39,5351.88,5371.2,5324.37,4.3036707511422095e-05
2024-08-13,5434.43,5376.98,5436.5,5376.98,0.016707226654933075
2024-08-14,5455.21,5442.36,5463.22,5415.91,0.003816476067632372
2024-08-15,5543.22,5501.13,5546.23,5501.13,0.01600444401278594
2024-08-16,5554.25,5530.5,5561.98,5525.17,0.0019878411263283945
2024-08-19,5608.25,5557.23,5608.3,5550.74,0.009675327436177775
2024-08-20,5597.12,5602.88,5620.51,5585.5,-0.001986548174716506
2024-08-21,5620.85,5603.09,5632.68,5591.57,0.004230718284184624
2024-08-22,5570.64,5637.77,5643.22,5560.95,-0.008972949425464468
2024-08-23,5634.61,5602.49,5641.82,5585.16,0.011417986208502448
2024-08-26,5616.84,5639.66,5651.62,5602.34,-0.003158706615574787
2024-08-27,5625.8,5602.89,5631.18,5593.48,0.0015939320118754585
2024-08-28,5592.18,5624.51,5627.03,5560.95,-0.005993966945423385
2024-08-29,5591.96,5607.3,5646.95,5583.71,-3.934142455813639e-05
2024-08-30,5648.4,5612.74,5651.37,5581.79,0.010042467382856683
2024-09-03,5528.93,5623.89,5623.89,5504.33,-0.02137801245458143
2024-09-04,5520.07,5506.68,5552.99,5503.66,-0.0016037653903594354
2024-09-05,5503.41,5520.08,5546.3,5480.54,-0.0030226412501879545
2024-09-06,5408.42,5507.33,5522.47,5402.62,-0.017410901670867562
2024-09-09,5471.05,5442.07,5484.2,5434.49,0.011513555690021488
2024-09-10,5495.52,5490.51,5497.91,5441.72,0.004462660724490219
2024-09-11,5554.13,5496.42,5560.41,5406.96,0.010608580303038784
2024-09-12,5595.76,5557.48,5600.71,5535.5,0.00746737294203047
2024-09-13,5626.02,5603.34,5636.27,5601.65,0.005393096878371416
2024-09-16,5633.09,5615.21,5636.05,5604.53,0.0012558720767880025
2024-09-17,5634.58,5655.51,5670.81,5614.05,0.00026447349073670164
2024-09-18,5618.26,5641.68,5689.75,5615.08,-0.0029006031263851696
2024-09-19,5713.64,5702.63,5733.57,5686.42,0.01683429124758695
2024-09-20,5702.55,5709.64,5715.14,5674.49,-0.001942855451501775
2024-09-23,5718.57,5711.9,5725.36,5704.22,0.0028053309143568263
2024-09-24,5732.93,5727.66,5735.32,5698.99,0.0025079697029956895
2024-09-25,5722.26,5733.65,5741.03,5712.06,-0.0018629115860669923
2024-09-26,5745.37,5762.22,5767.37,5721.01,0.004030480802872329
2024-09-27,5738.17,5755.36,5763.78,5727.34,-0.0012539688882457197
2024-09-30,5762.48,5726.52,5765.14,5703.53,0.004227593432856073
2024-10-01,5708.75,5757.73,5757.73,5681.28,-0.009367852083837029
2024-10-02,5709.54,5698.14,5719.63,5674.0,0.0001383744853669804
2024-10-03,5699.94,5698.19,5718.78,5677.37,-0.0016828115331257495
2024-10-04,5751.07,5737.48,5753.21,5702.83,0.008930275984437889
2024-10-07,5695.94,5737.8,5739.34,5686.85,-0.009632284107421169
2024-10-08,5751.13,5719.14,5757.6,5714.56,0.009642716894192714
2024-10-09,5792.04,5751.8,5796.8,5745.02,0.007088203896394327
2024-10-10,5780.05,5778.36,5795.03,5764.76,-0.0020722279710146596
2024-10-11,5815.03,5775.09,5822.13,5775.09,0.0060336118627852325
2024-10-14,5859.85,5829.81,5871.41,5829.57,0.0076780609629941675
2024-10-15,5815.26,5866.74,5870.36,5804.48,-0.007638509068754146
2024-10-16,5842.47,5816.58,5846.52,5808.34,0.0046681557065759915
2024-10-17,5841.47,5875.62,5878.46,5840.25,-0.00017117513483320916
2024-10-18,5864.67,5859.43,5872.17,5846.11,0.003963737043124536
2024-10-21,5853.98,5857.82,5866.92,5824.79,-0.0018244427413090425
2024-10-22,5851.2,5832.7,5863.04,5821.17,-0.00047500338350551163
2024-10-23,5797.42,5834.5,5834.85,5762.41,-0.009233777411953054
2024-10-24,5809.86,5817.8,5817.8,5784.92,0.0021434831869283494
2024-10-25,5808.12,5826.75,5862.82,5799.98,-0.00029953572187414154
2024-10-28,5823.52,5833.93,5842.92,5823.08,0.0026479514493707988
2024-10-29,5832.92,5819.68,5847.19,5802.17,0.0016128426925638532
2024-10-30,5813.67,5832.65,5850.94,5811.28,-0.003305691628139004
2024-10-31,5705.45,5775.34,5775.34,5702.86,-0.01879018259951983
2024-11-01,5728.8,5723.22,5772.52,5723.22,0.004084226330236237
2024-11-04,5712.69,5725.15,5741.43,5696.51,-0.0028160686495115016
2024-11-05,5782.76,5722.43,5783.44,5722.1,0.01219106130274809
2024-11-06,5929.04,5864.89,5936.14,5864.89,0.02498123383889653
2024-11-07,5973.1,5947.21,5983.84,5947.21,0.007403744412989463
2024-11-08,5995.54,5976.76,6012.45,5976.76,0.0037498038697994338
2024-11-11,6001.35,6008.86,6017.31,5986.69,0.0009685844338363746
2024-11-12,5983.99,6003.6,6009.92,5960.08,-0.002896874371566189
2024-11-13,5985.38,5985.75,6008.19,5965.91,0.0002322595101076364
2024-11-14,5949.17,5989.68,5993.88,5942.28,-0.006068115029117462
2024-11-15,5870.62,5912.79,5915.32,5853.01,-0.013291463960568205
2024-11-18,5893.62,5874.17,5908.12,5865.95,0.003910159824107666
2024-11-19,5916.98,5870.05,5923.51,5855.29,0.0039557737052673715
2024-11-20,5917.11,5914.34,5920.67,5860.56,2.1970426117316337e-05
2024-11-21,5948.71,5940.58,5963.32,5887.26,0.005326235305174984
2024-11-22,5969.34,5944.36,5972.9,5944.36,0.0034619792004100735
2024-11-25,5987.37,5992.28,6020.75,5963.91,0.003015882072251307
2024-11-26,6021.63,6000.03,6025.42,5992.27,0.005705736188806683
2024-11-27,5998.74,6014.11,6020.16,5984.87,-0.0038085396153748753
2024-11-29,6032.38,6003.98,6044.17,6003.98,0.005592178893918033
2024-12-02,6047.15,6040.11,6053.58,6035.33,0.0024454606033056034
2024-12-03,6049.88,6042.97,6052.07,6033.39,0.00045135046310470323
2024-12-04,6086.49,6069.39,6089.84,6061.06,0.006033123750502109
2024-12-05,6075.11,6089.03,6094.55,6072.9,-0.0018714648272306858
2024-12-06,6090.27,6081.38,6099.97,6079.98,0.0024923196558419955
2024-12-09,6052.85,6083.01,6088.51,6048.63,-0.006163180212196304
2024-12-10,6034.91,6057.59,6065.4,6029.89,-0.0029682940713745675
2024-12-11,6084.19,6060.15,6092.59,6060.15,0.008132661932885083
2024-12-12,6051.25,6074.29,6079.68,6051.25,-0.0054287410919564485
2024-12-13,6051.09,6068.17,6078.58,6035.77,-2.6441167577320025e-05
2024-12-16,6074.08,6063.79,6085.19,6059.14,0.0037921163249597686
2024-12-17,6050.61,6052.55,6057.68,6035.19,-0.0038714440227630084
2024-12-18,5872.16,6047.65,6070.67,5867.79,-0.029936554508987644
2024-12-19,5867.08,5912.71,5935.52,5866.07,-0.0008654734577528358
2024-12-20,5930.85,5842.0,5982.06,5832.3,0.010810476252410672
2024-12-23,5974.07,5940.25,5978.25,5902.57,0.00726089547546254
2024-12-24,6040.04,5984.63,6040.1,5981.44,0.010982197273831982
2024-12-26,6037.59,6024.97,6049.75,6007.37,-0.00040570874146761795
2024-12-27,5970.84,6006.17,6006.17,5932.95,-0.01111730467559637
2024-12-30,5906.94,5920.67,5940.79,5869.16,-0.010759690191101295
2024-12-31,5881.63,5919.74,5929.74,5868.86,-0.00429399645413445
2025-01-02,5868.55,5903.26,5935.09,5829.53,-0.002226349792552953
2025-01-03,5942.47,5891.07,5949.34,5888.66,0.012517287272659085
2025-01-06,5975.38,5982.81,6021.04,5960.01,0.0055228222624888485
2025-01-07,5909.03,5993.26,6000.68,5890.68,-0.01116600476981219
2025-01-08,5918.25,5910.66,5927.89,5874.78,0.001559107735282887
2025-01-10,5827.04,5890.35,5890.35,5807.78,-0.015531644353894208
2025-01-13,5836.22,5782.02,5838.61,5773.31,0.0015741742695762329
2025-01-14,5842.91,5859.27,5871.92,5805.42,0.0011456334044923633
2025-01-15,5949.91,5905.21,5960.61,5905.21,0.018147132985426716
2025-01-16,5937.34,5963.61,5964.69,5930.72,-0.002114871763466578
2025-01-17,5996.66,5995.4,6014.96,5978.44,0.00994142593572411
2025-01-21,6049.24,6014.12,6051.51,6006.88,0.00872999675223129
2025-01-22,6086.37,6081.39,6100.81,6076.13,0.006119200577442709
2025-01-23,6118.71,6076.32,6118.73,6074.67,0.005299445097723889
2025-01-24,6101.24,6121.43,6128.18,6088.74,-0.0028592607828964826
2025-01-27,6012.28,5969.04,6017.17,5962.92,-0.014687984883634318
2025-01-28,6067.7,6026.97,6074.54,5994.63,0.009175576254675617
2025-01-29,6039.31,6057.7,6062.83,6012.96,-0.004689853570094891
2025-01-30,6071.17,6050.75,6086.64,6027.46,0.005261570722435618
2025-01-31,6040.53,6096.79,6120.91,6030.93,-0.005059581291425466
2025-02-03,5994.57,5969.65,6022.13,5923.93,-0.007637696973119063
2025-02-04,6037.88,5998.14,6042.48,5990.87,0.007198897488332478
